name,stardot_ts,receiver_ts
1570135203.jpg,2019-10-03 15:40:03,2020-09-11 07:02:47
1570100284.jpg,2019-10-03 05:58:04,2020-09-10 21:20:53
1570080484.jpg,2019-10-03 00:28:04,2020-09-10 15:50:50
1570145041.jpg,2019-10-03 18:24:01,2020-09-11 09:46:46
1570082522.jpg,2019-10-03 01:02:02,2020-09-10 16:24:48
1570092725.jpg,2019-10-03 03:52:05,2020-09-10 19:14:54
1570102444.jpg,2019-10-03 06:34:04,2020-09-10 21:56:53
1570124642.jpg,2019-10-03 12:44:02,2020-09-11 04:06:53
1570141743.jpg,2019-10-03 17:29:03,2020-09-11 08:51:47
1570085701.jpg,2019-10-03 01:55:01,2020-09-10 17:17:48
1570100045.jpg,2019-10-03 05:54:05,2020-09-10 21:16:54
1570090442.jpg,2019-10-03 03:14:02,2020-09-10 18:36:49
1570080902.jpg,2019-10-03 00:35:02,2020-09-10 15:57:48
1570124044.jpg,2019-10-03 12:34:04,2020-09-11 03:56:54
1570116784.jpg,2019-10-03 10:33:04,2020-09-11 01:55:52
1570087923.jpg,2019-10-03 02:32:03,2020-09-10 17:54:49
1570103404.jpg,2019-10-03 06:50:04,2020-09-10 22:12:54
1570113603.jpg,2019-10-03 09:40:03,2020-09-11 01:02:53
1570114144.jpg,2019-10-03 09:49:04,2020-09-11 01:11:54
1570126684.jpg,2019-10-03 13:18:04,2020-09-11 04:40:52
1570149243.jpg,2019-10-03 19:34:03,2020-09-11 10:56:48
1570100643.jpg,2019-10-03 06:04:03,2020-09-10 21:26:51
1570095843.jpg,2019-10-03 04:44:03,2020-09-10 20:06:53
1570142882.jpg,2019-10-03 17:48:02,2020-09-11 09:10:46
1570143544.jpg,2019-10-03 17:59:04,2020-09-11 09:21:48
1570144203.jpg,2019-10-03 18:10:03,2020-09-11 09:32:47
1570140065.jpg,2019-10-03 17:01:05,2020-09-11 08:23:49
1570131844.jpg,2019-10-03 14:44:04,2020-09-11 06:06:51
1570112044.jpg,2019-10-03 09:14:04,2020-09-11 00:36:55
1570144564.jpg,2019-10-03 18:16:04,2020-09-11 09:38:48
1570116544.jpg,2019-10-03 10:29:04,2020-09-11 01:51:52
1570124284.jpg,2019-10-03 12:38:04,2020-09-11 04:00:55
1570092122.jpg,2019-10-03 03:42:02,2020-09-10 19:04:50
1570150263.jpg,2019-10-03 19:51:03,2020-09-11 11:13:47
1570101004.jpg,2019-10-03 06:10:04,2020-09-10 21:32:53
1570091403.jpg,2019-10-03 03:30:03,2020-09-10 18:52:50
1570095665.jpg,2019-10-03 04:41:05,2020-09-10 20:03:54
1570111203.jpg,2019-10-03 09:00:03,2020-09-11 00:22:52
1570111565.jpg,2019-10-03 09:06:05,2020-09-11 00:28:55
1570115703.jpg,2019-10-03 10:15:03,2020-09-11 01:37:52
1570126444.jpg,2019-10-03 13:14:04,2020-09-11 04:36:52
1570136643.jpg,2019-10-03 16:04:03,2020-09-11 07:26:47
1570119844.jpg,2019-10-03 11:24:04,2020-09-11 02:46:54
1570125603.jpg,2019-10-03 13:00:03,2020-09-11 04:22:52
1570104424.jpg,2019-10-03 07:07:04,2020-09-10 22:29:53
1570146603.jpg,2019-10-03 18:50:03,2020-09-11 10:12:48
1570144982.jpg,2019-10-03 18:23:02,2020-09-11 09:45:46
1570134242.jpg,2019-10-03 15:24:02,2020-09-11 06:46:46
1570079342.jpg,2019-10-03 00:09:02,2020-09-10 15:31:48
1570107844.jpg,2019-10-03 08:04:04,2020-09-10 23:26:52
1570128904.jpg,2019-10-03 13:55:04,2020-09-11 05:17:53
1570110243.jpg,2019-10-03 08:44:03,2020-09-11 00:06:55
1570080122.jpg,2019-10-03 00:22:02,2020-09-10 15:44:48
1570126083.jpg,2019-10-03 13:08:03,2020-09-11 04:30:53
1570107065.jpg,2019-10-03 07:51:05,2020-09-10 23:13:54
1570113004.jpg,2019-10-03 09:30:04,2020-09-11 00:52:52
1570117504.jpg,2019-10-03 10:45:04,2020-09-11 02:07:54
1570136521.jpg,2019-10-03 16:02:01,2020-09-11 07:24:45
1570079222.jpg,2019-10-03 00:07:02,2020-09-10 15:29:48
1570116183.jpg,2019-10-03 10:23:03,2020-09-11 01:45:51
1570137603.jpg,2019-10-03 16:20:03,2020-09-11 07:42:46
1570128723.jpg,2019-10-03 13:52:03,2020-09-11 05:14:53
1570143182.jpg,2019-10-03 17:53:02,2020-09-11 09:15:46
1570133465.jpg,2019-10-03 15:11:05,2020-09-11 06:33:48
1570097884.jpg,2019-10-03 05:18:04,2020-09-10 20:40:54
1570102323.jpg,2019-10-03 06:32:03,2020-09-10 21:54:54
1570116424.jpg,2019-10-03 10:27:04,2020-09-11 01:49:52
1570115105.jpg,2019-10-03 10:05:05,2020-09-11 01:27:55
1570122965.jpg,2019-10-03 12:16:05,2020-09-11 03:38:53
1570138083.jpg,2019-10-03 16:28:03,2020-09-11 07:50:47
1570147864.jpg,2019-10-03 19:11:04,2020-09-11 10:33:49
1570133883.jpg,2019-10-03 15:18:03,2020-09-11 06:40:47
1570139404.jpg,2019-10-03 16:50:04,2020-09-11 08:12:49
1570090682.jpg,2019-10-03 03:18:02,2020-09-10 18:40:48
1570131064.jpg,2019-10-03 14:31:04,2020-09-11 05:53:48
1570090866.jpg,2019-10-03 03:21:06,2020-09-10 18:43:52
1570133103.jpg,2019-10-03 15:05:03,2020-09-11 06:27:49
1570147682.jpg,2019-10-03 19:08:02,2020-09-11 10:30:46
1570130344.jpg,2019-10-03 14:19:04,2020-09-11 05:41:48
1570134122.jpg,2019-10-03 15:22:02,2020-09-11 06:44:47
1570097104.jpg,2019-10-03 05:05:04,2020-09-10 20:27:52
1570083603.jpg,2019-10-03 01:20:03,2020-09-10 16:42:49
1570110725.jpg,2019-10-03 08:52:05,2020-09-11 00:14:55
1570100522.jpg,2019-10-03 06:02:02,2020-09-10 21:24:50
1570094343.jpg,2019-10-03 04:19:03,2020-09-10 19:41:52
1570122783.jpg,2019-10-03 12:13:03,2020-09-11 03:35:54
1570127823.jpg,2019-10-03 13:37:03,2020-09-11 04:59:52
1570149122.jpg,2019-10-03 19:32:02,2020-09-11 10:54:47
1570145283.jpg,2019-10-03 18:28:03,2020-09-11 09:50:46
1570108383.jpg,2019-10-03 08:13:03,2020-09-10 23:35:51
1570147443.jpg,2019-10-03 19:04:03,2020-09-11 10:26:47
1570081202.jpg,2019-10-03 00:40:02,2020-09-10 16:02:49
1570091763.jpg,2019-10-03 03:36:03,2020-09-10 18:58:49
1570101364.jpg,2019-10-03 06:16:04,2020-09-10 21:38:54
1570131304.jpg,2019-10-03 14:35:04,2020-09-11 05:57:50
1570098182.jpg,2019-10-03 05:23:02,2020-09-10 20:45:52
1570105923.jpg,2019-10-03 07:32:03,2020-09-10 22:54:53
1570148823.jpg,2019-10-03 19:27:03,2020-09-11 10:49:48
1570129563.jpg,2019-10-03 14:06:03,2020-09-11 05:28:48
1570129205.jpg,2019-10-03 14:00:05,2020-09-11 05:22:54
1570095303.jpg,2019-10-03 04:35:03,2020-09-10 19:57:51
1570099505.jpg,2019-10-03 05:45:05,2020-09-10 21:07:53
1570082643.jpg,2019-10-03 01:04:03,2020-09-10 16:26:49
1570078923.jpg,2019-10-03 00:02:03,2020-09-10 15:24:49
1570149903.jpg,2019-10-03 19:45:03,2020-09-11 11:07:47
1570134724.jpg,2019-10-03 15:32:04,2020-09-11 06:54:47
1570113364.jpg,2019-10-03 09:36:04,2020-09-11 00:58:52
1570109466.jpg,2019-10-03 08:31:06,2020-09-10 23:53:54
1570094223.jpg,2019-10-03 04:17:03,2020-09-10 19:39:53
1570149724.jpg,2019-10-03 19:42:04,2020-09-11 11:04:48
1570084742.jpg,2019-10-03 01:39:02,2020-09-10 17:01:48
1570142103.jpg,2019-10-03 17:35:03,2020-09-11 08:57:47
1570110123.jpg,2019-10-03 08:42:03,2020-09-11 00:04:52
1570122184.jpg,2019-10-03 12:03:04,2020-09-11 03:25:52
1570097703.jpg,2019-10-03 05:15:03,2020-09-10 20:37:51
1570093203.jpg,2019-10-03 04:00:03,2020-09-10 19:22:52
1570134902.jpg,2019-10-03 15:35:02,2020-09-11 06:57:46
1570108023.jpg,2019-10-03 08:07:03,2020-09-10 23:29:51
1570098424.jpg,2019-10-03 05:27:04,2020-09-10 20:49:51
1570120744.jpg,2019-10-03 11:39:04,2020-09-11 03:01:52
1570096384.jpg,2019-10-03 04:53:04,2020-09-10 20:15:54
1570086183.jpg,2019-10-03 02:03:03,2020-09-10 17:25:50
1570121466.jpg,2019-10-03 11:51:06,2020-09-11 03:13:57
1570129984.jpg,2019-10-03 14:13:04,2020-09-11 05:35:50
1570127765.jpg,2019-10-03 13:36:05,2020-09-11 04:58:57
1570123265.jpg,2019-10-03 12:21:05,2020-09-11 03:43:54
1570106224.jpg,2019-10-03 07:37:04,2020-09-10 22:59:52
1570119304.jpg,2019-10-03 11:15:04,2020-09-11 02:37:53
1570142466.jpg,2019-10-03 17:41:06,2020-09-11 09:03:51
1570093983.jpg,2019-10-03 04:13:03,2020-09-10 19:35:53
1570091164.jpg,2019-10-03 03:26:04,2020-09-10 18:48:50
1570139942.jpg,2019-10-03 16:59:02,2020-09-11 08:21:46
1570148163.jpg,2019-10-03 19:16:03,2020-09-11 10:38:48
1570132624.jpg,2019-10-03 14:57:04,2020-09-11 06:19:51
1570125364.jpg,2019-10-03 12:56:04,2020-09-11 04:18:54
1570150923.jpg,2019-10-03 20:02:03,2020-09-11 11:24:48
1570096804.jpg,2019-10-03 05:00:04,2020-09-10 20:22:53
1570138321.jpg,2019-10-03 16:32:01,2020-09-11 07:54:46
1570109705.jpg,2019-10-03 08:35:05,2020-09-10 23:57:53
1570089663.jpg,2019-10-03 03:01:03,2020-09-10 18:23:49
1570106344.jpg,2019-10-03 07:39:04,2020-09-10 23:01:52
1570120383.jpg,2019-10-03 11:33:03,2020-09-11 02:55:52
1570139822.jpg,2019-10-03 16:57:02,2020-09-11 08:19:47
1570122543.jpg,2019-10-03 12:09:03,2020-09-11 03:31:52
1570132744.jpg,2019-10-03 14:59:04,2020-09-11 06:21:49
1570088582.jpg,2019-10-03 02:43:02,2020-09-10 18:05:49
1570084623.jpg,2019-10-03 01:37:03,2020-09-10 16:59:49
1570081983.jpg,2019-10-03 00:53:03,2020-09-10 16:15:49
1570119066.jpg,2019-10-03 11:11:06,2020-09-11 02:33:54
1570077783.jpg,2019-10-02 23:43:03,2020-09-10 15:05:49
1570108625.jpg,2019-10-03 08:17:05,2020-09-10 23:39:54
1570127163.jpg,2019-10-03 13:26:03,2020-09-11 04:48:51
1570128244.jpg,2019-10-03 13:44:04,2020-09-11 05:06:53
1570077963.jpg,2019-10-02 23:46:03,2020-09-10 15:08:50
1570095064.jpg,2019-10-03 04:31:04,2020-09-10 19:53:54
1570102867.jpg,2019-10-03 06:41:07,2020-09-10 22:03:55
1570127403.jpg,2019-10-03 13:30:03,2020-09-11 04:52:52
1570114744.jpg,2019-10-03 09:59:04,2020-09-11 01:21:52
1570104543.jpg,2019-10-03 07:09:03,2020-09-10 22:31:52
1570090322.jpg,2019-10-03 03:12:02,2020-09-10 18:34:48
1570088223.jpg,2019-10-03 02:37:03,2020-09-10 17:59:48
1570145523.jpg,2019-10-03 18:32:03,2020-09-11 09:54:47
1570121884.jpg,2019-10-03 11:58:04,2020-09-11 03:20:52
1570114803.jpg,2019-10-03 10:00:03,2020-09-11 01:22:53
1570123922.jpg,2019-10-03 12:32:02,2020-09-11 03:54:51
1570114624.jpg,2019-10-03 09:57:04,2020-09-11 01:19:52
1570111984.jpg,2019-10-03 09:13:04,2020-09-11 00:35:52
1570090083.jpg,2019-10-03 03:08:03,2020-09-10 18:30:49
1570104184.jpg,2019-10-03 07:03:04,2020-09-10 22:25:52
1570094583.jpg,2019-10-03 04:23:03,2020-09-10 19:45:52
1570114383.jpg,2019-10-03 09:53:03,2020-09-11 01:15:53
1570141382.jpg,2019-10-03 17:23:02,2020-09-11 08:45:46
1570131665.jpg,2019-10-03 14:41:05,2020-09-11 06:03:52
1570099925.jpg,2019-10-03 05:52:05,2020-09-10 21:14:54
1570078503.jpg,2019-10-02 23:55:03,2020-09-10 15:17:49
1570078265.jpg,2019-10-02 23:51:05,2020-09-10 15:13:51
1570130584.jpg,2019-10-03 14:23:04,2020-09-11 05:45:49
1570119664.jpg,2019-10-03 11:21:04,2020-09-11 02:43:53
1570148403.jpg,2019-10-03 19:20:03,2020-09-11 10:42:48
1570105265.jpg,2019-10-03 07:21:05,2020-09-10 22:43:55
1570138682.jpg,2019-10-03 16:38:02,2020-09-11 08:00:46
1570085465.jpg,2019-10-03 01:51:05,2020-09-10 17:13:51
1570128484.jpg,2019-10-03 13:48:04,2020-09-11 05:10:53
1570105502.jpg,2019-10-03 07:25:02,2020-09-10 22:47:51
1570150503.jpg,2019-10-03 19:55:03,2020-09-11 11:17:47
1570118584.jpg,2019-10-03 11:03:04,2020-09-11 02:25:53
1570126324.jpg,2019-10-03 13:12:04,2020-09-11 04:34:53
1570107665.jpg,2019-10-03 08:01:05,2020-09-10 23:23:53
1570088342.jpg,2019-10-03 02:39:02,2020-09-10 18:01:49
1570109884.jpg,2019-10-03 08:38:04,2020-09-11 00:00:54
1570141624.jpg,2019-10-03 17:27:04,2020-09-11 08:49:49
1570141142.jpg,2019-10-03 17:19:02,2020-09-11 08:41:46
1570085882.jpg,2019-10-03 01:58:02,2020-09-10 17:20:48
1570080722.jpg,2019-10-03 00:32:02,2020-09-10 15:54:49
1570099267.jpg,2019-10-03 05:41:07,2020-09-10 21:03:54
1570128123.jpg,2019-10-03 13:42:03,2020-09-11 05:04:52
1570137003.jpg,2019-10-03 16:10:03,2020-09-11 07:32:47
1570143782.jpg,2019-10-03 18:03:02,2020-09-11 09:25:47
1570138442.jpg,2019-10-03 16:34:02,2020-09-11 07:56:46
1570102084.jpg,2019-10-03 06:28:04,2020-09-10 21:50:53
1570092483.jpg,2019-10-03 03:48:03,2020-09-10 19:10:52
1570106584.jpg,2019-10-03 07:43:04,2020-09-10 23:05:52
1570112283.jpg,2019-10-03 09:18:03,2020-09-11 00:40:51
1570117264.jpg,2019-10-03 10:41:04,2020-09-11 02:03:52
1570141022.jpg,2019-10-03 17:17:02,2020-09-11 08:39:46
1570083363.jpg,2019-10-03 01:16:03,2020-09-10 16:38:49
1570146003.jpg,2019-10-03 18:40:03,2020-09-11 10:02:48
1570114023.jpg,2019-10-03 09:47:03,2020-09-11 01:09:53
1570136282.jpg,2019-10-03 15:58:02,2020-09-11 07:20:46
1570135984.jpg,2019-10-03 15:53:04,2020-09-11 07:15:47
1570098964.jpg,2019-10-03 05:36:04,2020-09-10 20:58:52
1570102682.jpg,2019-10-03 06:38:02,2020-09-10 22:00:50
1570101604.jpg,2019-10-03 06:20:04,2020-09-10 21:42:52
1570143423.jpg,2019-10-03 17:57:03,2020-09-11 09:19:48
1570140664.jpg,2019-10-03 17:11:04,2020-09-11 08:33:48
1570112644.jpg,2019-10-03 09:24:04,2020-09-11 00:46:54
1570089302.jpg,2019-10-03 02:55:02,2020-09-10 18:17:48
1570140843.jpg,2019-10-03 17:14:03,2020-09-11 08:36:47
1570135562.jpg,2019-10-03 15:46:02,2020-09-11 07:08:48
1570086964.jpg,2019-10-03 02:16:04,2020-09-10 17:38:50
1570092905.jpg,2019-10-03 03:55:05,2020-09-10 19:17:52
1570125003.jpg,2019-10-03 12:50:03,2020-09-11 04:12:52
1570104783.jpg,2019-10-03 07:13:03,2020-09-10 22:35:53
1570136043.jpg,2019-10-03 15:54:03,2020-09-11 07:16:47
1570082282.jpg,2019-10-03 00:58:02,2020-09-10 16:20:49
1570103944.jpg,2019-10-03 06:59:04,2020-09-10 22:21:53
1570120623.jpg,2019-10-03 11:37:03,2020-09-11 02:59:52
1570104965.jpg,2019-10-03 07:16:05,2020-09-10 22:38:54
1570084803.jpg,2019-10-03 01:40:03,2020-09-10 17:02:49
1570110904.jpg,2019-10-03 08:55:04,2020-09-11 00:17:54
1570137363.jpg,2019-10-03 16:16:03,2020-09-11 07:38:47
1570115883.jpg,2019-10-03 10:18:03,2020-09-11 01:40:51
1570108144.jpg,2019-10-03 08:09:04,2020-09-10 23:31:52
1570098543.jpg,2019-10-03 05:29:03,2020-09-10 20:51:51
1570103763.jpg,2019-10-03 06:56:03,2020-09-10 22:18:52
1570118343.jpg,2019-10-03 10:59:03,2020-09-11 02:21:53
1570120804.jpg,2019-10-03 11:40:04,2020-09-11 03:02:53
1570149483.jpg,2019-10-03 19:38:03,2020-09-11 11:00:47
1570084383.jpg,2019-10-03 01:33:03,2020-09-10 16:55:49
1570089843.jpg,2019-10-03 03:04:03,2020-09-10 18:26:50
1570086543.jpg,2019-10-03 02:09:03,2020-09-10 17:31:49
1570096744.jpg,2019-10-03 04:59:04,2020-09-10 20:21:54
1570092244.jpg,2019-10-03 03:44:04,2020-09-10 19:06:53
1570115465.jpg,2019-10-03 10:11:05,2020-09-11 01:33:53
1570097466.jpg,2019-10-03 05:11:06,2020-09-10 20:33:55
1570143964.jpg,2019-10-03 18:06:04,2020-09-11 09:28:48
1570141801.jpg,2019-10-03 17:30:01,2020-09-11 08:52:46
1570122424.jpg,2019-10-03 12:07:04,2020-09-11 03:29:54
1570116965.jpg,2019-10-03 10:36:05,2020-09-11 01:58:53
1570112524.jpg,2019-10-03 09:22:04,2020-09-11 00:44:54
1570126865.jpg,2019-10-03 13:21:05,2020-09-11 04:43:56
1570080244.jpg,2019-10-03 00:24:04,2020-09-10 15:46:50
1570132384.jpg,2019-10-03 14:53:04,2020-09-11 06:15:51
1570084022.jpg,2019-10-03 01:27:02,2020-09-10 16:49:49
1570146363.jpg,2019-10-03 18:46:03,2020-09-11 10:08:47
1570107303.jpg,2019-10-03 07:55:03,2020-09-10 23:17:53
1570118223.jpg,2019-10-03 10:57:03,2020-09-11 02:19:55
1570087265.jpg,2019-10-03 02:21:05,2020-09-10 17:43:51
1570108743.jpg,2019-10-03 08:19:03,2020-09-10 23:41:53
1570145643.jpg,2019-10-03 18:34:03,2020-09-11 09:56:47
1570083002.jpg,2019-10-03 01:10:02,2020-09-10 16:32:48
1570087502.jpg,2019-10-03 02:25:02,2020-09-10 17:47:48
1570093563.jpg,2019-10-03 04:06:03,2020-09-10 19:28:53
1570103164.jpg,2019-10-03 06:46:04,2020-09-10 22:08:53
1570127944.jpg,2019-10-03 13:39:04,2020-09-11 05:01:53
1570138864.jpg,2019-10-03 16:41:04,2020-09-11 08:03:48
1570123505.jpg,2019-10-03 12:25:05,2020-09-11 03:47:53
1570147083.jpg,2019-10-03 18:58:03,2020-09-11 10:20:47
1570133702.jpg,2019-10-03 15:15:02,2020-09-11 06:37:47
1570130223.jpg,2019-10-03 14:17:03,2020-09-11 05:39:50
1570124524.jpg,2019-10-03 12:42:04,2020-09-11 04:04:52
1570103825.jpg,2019-10-03 06:57:05,2020-09-10 22:19:54
1570120024.jpg,2019-10-03 11:27:04,2020-09-11 02:49:53
1570132805.jpg,2019-10-03 15:00:05,2020-09-11 06:22:54
1570085103.jpg,2019-10-03 01:45:03,2020-09-10 17:07:49
1570109105.jpg,2019-10-03 08:25:05,2020-09-10 23:47:55
1570086422.jpg,2019-10-03 02:07:02,2020-09-10 17:29:47
1570096143.jpg,2019-10-03 04:49:03,2020-09-10 20:11:52
1570089063.jpg,2019-10-03 02:51:03,2020-09-10 18:13:50
1570096625.jpg,2019-10-03 04:57:05,2020-09-10 20:19:54
1570121104.jpg,2019-10-03 11:45:04,2020-09-11 03:07:52
1570139763.jpg,2019-10-03 16:56:03,2020-09-11 08:18:48
1570091823.jpg,2019-10-03 03:37:03,2020-09-10 18:59:50
1570132144.jpg,2019-10-03 14:49:04,2020-09-11 06:11:51
1570110483.jpg,2019-10-03 08:48:03,2020-09-11 00:10:55
1570147322.jpg,2019-10-03 19:02:02,2020-09-11 10:24:47
1570081563.jpg,2019-10-03 00:46:03,2020-09-10 16:08:49
1570148763.jpg,2019-10-03 19:26:03,2020-09-11 10:48:48
1570096023.jpg,2019-10-03 04:47:03,2020-09-10 20:09:53
1570079582.jpg,2019-10-03 00:13:02,2020-09-10 15:35:49
1570082042.jpg,2019-10-03 00:54:02,2020-09-10 16:16:49
1570140303.jpg,2019-10-03 17:05:03,2020-09-11 08:27:47
1570134482.jpg,2019-10-03 15:28:02,2020-09-11 06:50:46
1570121702.jpg,2019-10-03 11:55:02,2020-09-11 03:17:52
1570098783.jpg,2019-10-03 05:33:03,2020-09-10 20:55:51
1570132024.jpg,2019-10-03 14:47:04,2020-09-11 06:09:51
1570091943.jpg,2019-10-03 03:39:03,2020-09-10 19:01:50
1570139165.jpg,2019-10-03 16:46:05,2020-09-11 08:08:49
1570148944.jpg,2019-10-03 19:29:04,2020-09-11 10:51:48
1570142702.jpg,2019-10-03 17:45:02,2020-09-11 09:07:47
1570084143.jpg,2019-10-03 01:29:03,2020-09-10 16:51:49
1570120144.jpg,2019-10-03 11:29:04,2020-09-11 02:51:53
1570086783.jpg,2019-10-03 02:13:03,2020-09-10 17:35:49
1570117924.jpg,2019-10-03 10:52:04,2020-09-11 02:14:52
1570108804.jpg,2019-10-03 08:20:04,2020-09-10 23:42:55
1570138022.jpg,2019-10-03 16:27:02,2020-09-11 07:49:46
1570082582.jpg,2019-10-03 01:03:02,2020-09-10 16:25:48
1570116485.jpg,2019-10-03 10:28:05,2020-09-11 01:50:55
1570079042.jpg,2019-10-03 00:04:02,2020-09-10 15:26:49
1570103705.jpg,2019-10-03 06:55:05,2020-09-10 22:17:52
1570133822.jpg,2019-10-03 15:17:02,2020-09-11 06:39:45
1570109943.jpg,2019-10-03 08:39:03,2020-09-11 00:01:53
1570126744.jpg,2019-10-03 13:19:04,2020-09-11 04:41:52
1570090384.jpg,2019-10-03 03:13:04,2020-09-10 18:35:50
1570139102.jpg,2019-10-03 16:45:02,2020-09-11 08:07:45
1570080183.jpg,2019-10-03 00:23:03,2020-09-10 15:45:49
1570091703.jpg,2019-10-03 03:35:03,2020-09-10 18:57:49
1570101304.jpg,2019-10-03 06:15:04,2020-09-10 21:37:55
1570143123.jpg,2019-10-03 17:52:03,2020-09-11 09:14:48
1570081504.jpg,2019-10-03 00:45:04,2020-09-10 16:07:50
1570109764.jpg,2019-10-03 08:36:04,2020-09-10 23:58:52
1570116122.jpg,2019-10-03 10:22:02,2020-09-11 01:44:51
1570135923.jpg,2019-10-03 15:52:03,2020-09-11 07:14:47
1570112344.jpg,2019-10-03 09:19:04,2020-09-11 00:41:52
1570079283.jpg,2019-10-03 00:08:03,2020-09-10 15:30:49
1570102143.jpg,2019-10-03 06:29:03,2020-09-10 21:51:53
1570089602.jpg,2019-10-03 03:00:02,2020-09-10 18:22:48
1570109823.jpg,2019-10-03 08:37:03,2020-09-10 23:59:52
1570143902.jpg,2019-10-03 18:05:02,2020-09-11 09:27:47
1570104485.jpg,2019-10-03 07:08:05,2020-09-10 22:30:53
1570123984.jpg,2019-10-03 12:33:04,2020-09-11 03:55:54
1570126624.jpg,2019-10-03 13:17:04,2020-09-11 04:39:54
1570085164.jpg,2019-10-03 01:46:04,2020-09-10 17:08:51
1570128184.jpg,2019-10-03 13:43:04,2020-09-11 05:05:53
1570138383.jpg,2019-10-03 16:33:03,2020-09-11 07:55:47
1570148102.jpg,2019-10-03 19:15:02,2020-09-11 10:37:46
1570112224.jpg,2019-10-03 09:17:04,2020-09-11 00:39:54
1570087983.jpg,2019-10-03 02:33:03,2020-09-10 17:55:51
1570142822.jpg,2019-10-03 17:47:02,2020-09-11 09:09:46
1570127704.jpg,2019-10-03 13:35:04,2020-09-11 04:57:53
1570149963.jpg,2019-10-03 19:46:03,2020-09-11 11:08:48
1570123204.jpg,2019-10-03 12:20:04,2020-09-11 03:42:53
1570118523.jpg,2019-10-03 11:02:03,2020-09-11 02:24:51
1570083065.jpg,2019-10-03 01:11:05,2020-09-10 16:33:51
1570113304.jpg,2019-10-03 09:35:04,2020-09-11 00:57:53
1570133942.jpg,2019-10-03 15:19:02,2020-09-11 06:41:46
1570086121.jpg,2019-10-03 02:02:01,2020-09-10 17:24:46
1570100344.jpg,2019-10-03 05:59:04,2020-09-10 21:21:53
1570126383.jpg,2019-10-03 13:13:03,2020-09-11 04:35:52
1570090742.jpg,2019-10-03 03:19:02,2020-09-10 18:41:48
1570094524.jpg,2019-10-03 04:22:04,2020-09-10 19:44:52
1570114324.jpg,2019-10-03 09:52:04,2020-09-11 01:14:52
1570087202.jpg,2019-10-03 02:20:02,2020-09-10 17:42:48
1570097763.jpg,2019-10-03 05:16:03,2020-09-10 20:38:53
1570130523.jpg,2019-10-03 14:22:03,2020-09-11 05:44:48
1570138143.jpg,2019-10-03 16:29:03,2020-09-11 07:51:48
1570133764.jpg,2019-10-03 15:16:04,2020-09-11 06:38:48
1570092425.jpg,2019-10-03 03:47:05,2020-09-10 19:09:54
1570119364.jpg,2019-10-03 11:16:04,2020-09-11 02:38:52
1570121823.jpg,2019-10-03 11:57:03,2020-09-11 03:19:52
1570141866.jpg,2019-10-03 17:31:06,2020-09-11 08:53:50
1570078981.jpg,2019-10-03 00:03:01,2020-09-10 15:25:48
1570111923.jpg,2019-10-03 09:12:03,2020-09-11 00:34:53
1570114683.jpg,2019-10-03 09:58:03,2020-09-11 01:20:51
1570144922.jpg,2019-10-03 18:22:02,2020-09-11 09:44:46
1570131365.jpg,2019-10-03 14:36:05,2020-09-11 05:58:50
1570141682.jpg,2019-10-03 17:28:02,2020-09-11 08:50:47
1570125304.jpg,2019-10-03 12:55:04,2020-09-11 04:17:53
1570121943.jpg,2019-10-03 11:59:03,2020-09-11 03:21:52
1570085763.jpg,2019-10-03 01:56:03,2020-09-10 17:18:49
1570102803.jpg,2019-10-03 06:40:03,2020-09-10 22:02:51
1570142764.jpg,2019-10-03 17:46:04,2020-09-11 09:08:47
1570090144.jpg,2019-10-03 03:09:04,2020-09-10 18:31:50
1570090622.jpg,2019-10-03 03:17:02,2020-09-10 18:39:48
1570097165.jpg,2019-10-03 05:06:05,2020-09-10 20:28:54
1570151042.jpg,2019-10-03 20:04:02,2020-09-11 11:26:47
1570098242.jpg,2019-10-03 05:24:02,2020-09-10 20:46:52
1570097824.jpg,2019-10-03 05:17:04,2020-09-10 20:39:51
1570092784.jpg,2019-10-03 03:53:04,2020-09-10 19:15:55
1570084864.jpg,2019-10-03 01:41:04,2020-09-10 17:03:51
1570125066.jpg,2019-10-03 12:51:06,2020-09-11 04:13:55
1570142943.jpg,2019-10-03 17:49:03,2020-09-11 09:11:47
1570133162.jpg,2019-10-03 15:06:02,2020-09-11 06:28:47
1570127103.jpg,2019-10-03 13:25:03,2020-09-11 04:47:52
1570108684.jpg,2019-10-03 08:18:04,2020-09-10 23:40:53
1570135263.jpg,2019-10-03 15:41:03,2020-09-11 07:03:47
1570086903.jpg,2019-10-03 02:15:03,2020-09-10 17:37:49
1570081922.jpg,2019-10-03 00:52:02,2020-09-10 16:14:48
1570084682.jpg,2019-10-03 01:38:02,2020-09-10 17:00:48
1570149182.jpg,2019-10-03 19:33:02,2020-09-11 10:55:46
1570115164.jpg,2019-10-03 10:06:04,2020-09-11 01:28:52
1570140603.jpg,2019-10-03 17:10:03,2020-09-11 08:32:47
1570134182.jpg,2019-10-03 15:23:02,2020-09-11 06:45:46
1570139883.jpg,2019-10-03 16:58:03,2020-09-11 08:20:47
1570098903.jpg,2019-10-03 05:35:03,2020-09-10 20:57:51
1570088523.jpg,2019-10-03 02:42:03,2020-09-10 18:04:49
1570107004.jpg,2019-10-03 07:50:04,2020-09-10 23:12:53
1570113065.jpg,2019-10-03 09:31:05,2020-09-11 00:53:53
1570117203.jpg,2019-10-03 10:40:03,2020-09-11 02:02:54
1570146064.jpg,2019-10-03 18:41:04,2020-09-11 10:03:48
1570128965.jpg,2019-10-03 13:56:05,2020-09-11 05:18:54
1570136583.jpg,2019-10-03 16:03:03,2020-09-11 07:25:47
1570084443.jpg,2019-10-03 01:34:03,2020-09-10 16:56:49
1570110544.jpg,2019-10-03 08:49:04,2020-09-11 00:11:52
1570094644.jpg,2019-10-03 04:24:04,2020-09-10 19:46:53
1570104243.jpg,2019-10-03 07:04:03,2020-09-10 22:26:51
1570096866.jpg,2019-10-03 05:01:06,2020-09-10 20:23:54
1570137064.jpg,2019-10-03 16:11:04,2020-09-11 07:33:48
1570114865.jpg,2019-10-03 10:01:05,2020-09-11 01:23:54
1570080962.jpg,2019-10-03 00:36:02,2020-09-10 15:58:48
1570118044.jpg,2019-10-03 10:54:04,2020-09-11 02:16:52
1570150982.jpg,2019-10-03 20:03:02,2020-09-11 11:25:47
1570148883.jpg,2019-10-03 19:28:03,2020-09-11 10:50:48
1570110424.jpg,2019-10-03 08:47:04,2020-09-11 00:09:54
1570131603.jpg,2019-10-03 14:40:03,2020-09-11 06:02:50
1570094283.jpg,2019-10-03 04:18:03,2020-09-10 19:40:52
1570110183.jpg,2019-10-03 08:43:03,2020-09-11 00:05:52
1570105565.jpg,2019-10-03 07:26:05,2020-09-10 22:48:53
1570143242.jpg,2019-10-03 17:54:02,2020-09-11 09:16:47
1570085403.jpg,2019-10-03 01:50:03,2020-09-10 17:12:49
1570129925.jpg,2019-10-03 14:12:05,2020-09-11 05:34:49
1570147024.jpg,2019-10-03 18:57:04,2020-09-11 10:19:48
1570111504.jpg,2019-10-03 09:05:04,2020-09-11 00:27:52
1570147742.jpg,2019-10-03 19:09:02,2020-09-11 10:31:47
1570130284.jpg,2019-10-03 14:18:04,2020-09-11 05:40:49
1570125845.jpg,2019-10-03 13:04:05,2020-09-11 04:26:53
1570150202.jpg,2019-10-03 19:50:02,2020-09-11 11:12:46
1570096443.jpg,2019-10-03 04:54:03,2020-09-10 20:16:50
1570103883.jpg,2019-10-03 06:58:03,2020-09-10 22:20:51
1570119603.jpg,2019-10-03 11:20:03,2020-09-11 02:42:54
1570096324.jpg,2019-10-03 04:52:04,2020-09-10 20:14:51
1570124582.jpg,2019-10-03 12:43:02,2020-09-11 04:05:54
1570109404.jpg,2019-10-03 08:30:04,2020-09-10 23:52:53
1570148464.jpg,2019-10-03 19:21:04,2020-09-11 10:43:49
1570091463.jpg,2019-10-03 03:31:03,2020-09-10 18:53:50
1570132323.jpg,2019-10-03 14:52:03,2020-09-11 06:14:52
1570121405.jpg,2019-10-03 11:50:05,2020-09-11 03:12:54
1570118284.jpg,2019-10-03 10:58:04,2020-09-11 02:20:52
1570078202.jpg,2019-10-02 23:50:02,2020-09-10 15:12:49
1570098484.jpg,2019-10-03 05:28:04,2020-09-10 20:50:54
1570108083.jpg,2019-10-03 08:08:03,2020-09-10 23:30:53
1570122483.jpg,2019-10-03 12:08:03,2020-09-11 03:30:52
1570103465.jpg,2019-10-03 06:51:05,2020-09-10 22:13:55
1570145342.jpg,2019-10-03 18:29:02,2020-09-11 09:51:47
1570134544.jpg,2019-10-03 15:29:04,2020-09-11 06:51:47
1570117564.jpg,2019-10-03 10:46:04,2020-09-11 02:08:52
1570096085.jpg,2019-10-03 04:48:05,2020-09-10 20:10:55
1570120323.jpg,2019-10-03 11:32:03,2020-09-11 02:54:53
1570127464.jpg,2019-10-03 13:31:04,2020-09-11 04:53:53
1570119005.jpg,2019-10-03 11:10:05,2020-09-11 02:32:54
1570089364.jpg,2019-10-03 02:56:04,2020-09-10 18:18:50
1570095003.jpg,2019-10-03 04:30:03,2020-09-10 19:52:53
1570147623.jpg,2019-10-03 19:07:03,2020-09-11 10:29:47
1570139464.jpg,2019-10-03 16:51:04,2020-09-11 08:13:48
1570110784.jpg,2019-10-03 08:53:04,2020-09-11 00:15:53
1570131004.jpg,2019-10-03 14:30:04,2020-09-11 05:52:49
1570124343.jpg,2019-10-03 12:39:03,2020-09-11 04:01:53
1570102384.jpg,2019-10-03 06:33:04,2020-09-10 21:55:54
1570137303.jpg,2019-10-03 16:15:03,2020-09-11 07:37:47
1570104905.jpg,2019-10-03 07:15:05,2020-09-10 22:37:55
1570090802.jpg,2019-10-03 03:20:02,2020-09-10 18:42:49
1570080422.jpg,2019-10-03 00:27:02,2020-09-10 15:49:49
1570120864.jpg,2019-10-03 11:41:04,2020-09-11 03:03:53
1570126024.jpg,2019-10-03 13:07:04,2020-09-11 04:29:52
1570088283.jpg,2019-10-03 02:38:03,2020-09-10 18:00:50
1570092542.jpg,2019-10-03 03:49:02,2020-09-10 19:11:52
1570081264.jpg,2019-10-03 00:41:04,2020-09-10 16:03:50
1570128784.jpg,2019-10-03 13:53:04,2020-09-11 05:15:53
1570139702.jpg,2019-10-03 16:55:02,2020-09-11 08:17:47
1570080783.jpg,2019-10-03 00:33:03,2020-09-10 15:55:49
1570121165.jpg,2019-10-03 11:46:05,2020-09-11 03:08:54
1570109164.jpg,2019-10-03 08:26:04,2020-09-10 23:48:53
1570091881.jpg,2019-10-03 03:38:01,2020-09-10 19:00:48
1570102743.jpg,2019-10-03 06:39:03,2020-09-10 22:01:51
1570106525.jpg,2019-10-03 07:42:05,2020-09-10 23:04:55
1570089002.jpg,2019-10-03 02:50:02,2020-09-10 18:12:48
1570102025.jpg,2019-10-03 06:27:05,2020-09-10 21:49:52
1570095365.jpg,2019-10-03 04:36:05,2020-09-10 19:58:54
1570097943.jpg,2019-10-03 05:19:03,2020-09-10 20:41:52
1570084081.jpg,2019-10-03 01:28:01,2020-09-10 16:50:48
1570124223.jpg,2019-10-03 12:37:03,2020-09-11 03:59:53
1570128425.jpg,2019-10-03 13:47:05,2020-09-11 05:09:53
1570104124.jpg,2019-10-03 07:02:04,2020-09-10 22:24:53
1570144266.jpg,2019-10-03 18:11:06,2020-09-11 09:33:50
1570141444.jpg,2019-10-03 17:24:04,2020-09-11 08:46:48
1570134965.jpg,2019-10-03 15:36:05,2020-09-11 06:58:49
1570087563.jpg,2019-10-03 02:26:03,2020-09-10 17:48:49
1570088644.jpg,2019-10-03 02:44:04,2020-09-10 18:06:50
1570107363.jpg,2019-10-03 07:56:03,2020-09-10 23:18:51
1570093503.jpg,2019-10-03 04:05:03,2020-09-10 19:27:53
1570103104.jpg,2019-10-03 06:45:04,2020-09-10 22:07:55
1570141323.jpg,2019-10-03 17:22:03,2020-09-11 08:44:48
1570099984.jpg,2019-10-03 05:53:04,2020-09-10 21:15:54
1570114444.jpg,2019-10-03 09:54:04,2020-09-11 01:16:52
1570142164.jpg,2019-10-03 17:36:04,2020-09-11 08:58:48
1570080543.jpg,2019-10-03 00:29:03,2020-09-10 15:51:49
1570146302.jpg,2019-10-03 18:45:02,2020-09-11 10:07:48
1570138804.jpg,2019-10-03 16:40:04,2020-09-11 08:02:48
1570125666.jpg,2019-10-03 13:01:06,2020-09-11 04:23:56
1570138623.jpg,2019-10-03 16:37:03,2020-09-11 07:59:47
1570123565.jpg,2019-10-03 12:26:05,2020-09-11 03:48:56
1570079643.jpg,2019-10-03 00:14:03,2020-09-10 15:36:49
1570092184.jpg,2019-10-03 03:43:04,2020-09-10 19:05:51
1570143722.jpg,2019-10-03 18:02:02,2020-09-11 09:24:47
1570091102.jpg,2019-10-03 03:25:02,2020-09-10 18:47:48
1570126804.jpg,2019-10-03 13:20:04,2020-09-11 04:42:54
1570099562.jpg,2019-10-03 05:46:02,2020-09-10 21:08:52
1570099204.jpg,2019-10-03 05:40:04,2020-09-10 21:02:52
1570116723.jpg,2019-10-03 10:32:03,2020-09-11 01:54:52
1570116904.jpg,2019-10-03 10:35:04,2020-09-11 01:57:54
1570085822.jpg,2019-10-03 01:57:02,2020-09-10 17:19:48
1570129504.jpg,2019-10-03 14:05:04,2020-09-11 05:27:49
1570136342.jpg,2019-10-03 15:59:02,2020-09-11 07:21:46
1570126145.jpg,2019-10-03 13:09:05,2020-09-11 04:31:54
1570115404.jpg,2019-10-03 10:10:04,2020-09-11 01:32:54
1570086244.jpg,2019-10-03 02:04:04,2020-09-10 17:26:50
1570140363.jpg,2019-10-03 17:06:03,2020-09-11 08:28:47
1570102622.jpg,2019-10-03 06:37:02,2020-09-10 21:59:51
1570145582.jpg,2019-10-03 18:33:02,2020-09-11 09:55:46
1570121762.jpg,2019-10-03 11:56:02,2020-09-11 03:18:51
1570137666.jpg,2019-10-03 16:21:06,2020-09-11 07:43:50
1570122243.jpg,2019-10-03 12:04:03,2020-09-11 03:26:51
1570085942.jpg,2019-10-03 01:59:02,2020-09-10 17:21:49
1570114083.jpg,2019-10-03 09:48:03,2020-09-11 01:10:53
1570083664.jpg,2019-10-03 01:21:04,2020-09-10 16:43:50
1570088043.jpg,2019-10-03 02:34:03,2020-09-10 17:56:49
1570104723.jpg,2019-10-03 07:12:03,2020-09-10 22:34:54
1570100223.jpg,2019-10-03 05:57:03,2020-09-10 21:19:51
1570138743.jpg,2019-10-03 16:39:03,2020-09-11 08:01:47
1570128544.jpg,2019-10-03 13:49:04,2020-09-11 05:11:54
1570143483.jpg,2019-10-03 17:58:03,2020-09-11 09:20:48
1570110965.jpg,2019-10-03 08:56:05,2020-09-11 00:18:53
1570108866.jpg,2019-10-03 08:21:06,2020-09-10 23:43:56
1570083841.jpg,2019-10-03 01:24:01,2020-09-10 16:46:48
1570115823.jpg,2019-10-03 10:17:03,2020-09-11 01:39:53
1570147803.jpg,2019-10-03 19:10:03,2020-09-11 10:32:47
1570092964.jpg,2019-10-03 03:56:04,2020-09-10 19:18:53
1570077903.jpg,2019-10-02 23:45:03,2020-09-10 15:07:49
1570086722.jpg,2019-10-03 02:12:02,2020-09-10 17:34:48
1570106644.jpg,2019-10-03 07:44:04,2020-09-10 23:06:53
1570101665.jpg,2019-10-03 06:21:05,2020-09-10 21:43:55
1570147142.jpg,2019-10-03 18:59:02,2020-09-11 10:21:47
1570134423.jpg,2019-10-03 15:27:03,2020-09-11 06:49:47
1570079523.jpg,2019-10-03 00:12:03,2020-09-10 15:34:49
1570147383.jpg,2019-10-03 19:03:03,2020-09-11 10:25:47
1570084323.jpg,2019-10-03 01:32:03,2020-09-10 16:54:50
1570148701.jpg,2019-10-03 19:25:01,2020-09-11 10:47:47
1570108443.jpg,2019-10-03 08:14:03,2020-09-10 23:36:54
1570083302.jpg,2019-10-03 01:15:02,2020-09-10 16:37:48
1570118644.jpg,2019-10-03 11:04:04,2020-09-11 02:26:52
1570093924.jpg,2019-10-03 04:12:04,2020-09-10 19:34:51
1570106283.jpg,2019-10-03 07:38:03,2020-09-10 23:00:51
1570096684.jpg,2019-10-03 04:58:04,2020-09-10 20:20:53
1570112584.jpg,2019-10-03 09:23:04,2020-09-11 00:45:52
1570130043.jpg,2019-10-03 14:14:03,2020-09-11 05:36:47
1570146843.jpg,2019-10-03 18:54:03,2020-09-11 10:16:47
1570146664.jpg,2019-10-03 18:51:04,2020-09-11 10:13:48
1570132683.jpg,2019-10-03 14:58:03,2020-09-11 06:20:48
1570094044.jpg,2019-10-03 04:14:04,2020-09-10 19:36:51
1570105985.jpg,2019-10-03 07:33:05,2020-09-10 22:55:53
1570107604.jpg,2019-10-03 08:00:04,2020-09-10 23:22:52
1570098124.jpg,2019-10-03 05:22:04,2020-09-10 20:44:53
1570115943.jpg,2019-10-03 10:19:03,2020-09-11 01:41:52
1570140003.jpg,2019-10-03 17:00:03,2020-09-11 08:22:47
1570101063.jpg,2019-10-03 06:11:03,2020-09-10 21:33:51
1570095603.jpg,2019-10-03 04:40:03,2020-09-10 20:02:51
1570105204.jpg,2019-10-03 07:20:04,2020-09-10 22:42:52
1570111265.jpg,2019-10-03 09:01:05,2020-09-11 00:23:55
1570093266.jpg,2019-10-03 04:01:06,2020-09-10 19:23:54
1570115765.jpg,2019-10-03 10:16:05,2020-09-11 01:38:55
1570134783.jpg,2019-10-03 15:33:03,2020-09-11 06:55:46
1570090021.jpg,2019-10-03 03:07:01,2020-09-10 18:29:48
1570116244.jpg,2019-10-03 10:24:04,2020-09-11 01:46:53
1570082343.jpg,2019-10-03 00:59:03,2020-09-10 16:21:49
1570144502.jpg,2019-10-03 18:15:02,2020-09-11 09:37:47
1570150563.jpg,2019-10-03 19:56:03,2020-09-11 11:18:48
1570120084.jpg,2019-10-03 11:28:04,2020-09-11 02:50:53
1570106043.jpg,2019-10-03 07:34:03,2020-09-10 22:56:52
1570078562.jpg,2019-10-02 23:56:02,2020-09-10 15:18:48
1570149783.jpg,2019-10-03 19:43:03,2020-09-11 11:05:47
1570122122.jpg,2019-10-03 12:02:02,2020-09-11 03:24:51
1570132443.jpg,2019-10-03 14:54:03,2020-09-11 06:16:50
1570113664.jpg,2019-10-03 09:41:04,2020-09-11 01:03:54
1570132866.jpg,2019-10-03 15:01:06,2020-09-11 06:23:51
1570149542.jpg,2019-10-03 19:39:02,2020-09-11 11:01:46
1570142403.jpg,2019-10-03 17:40:03,2020-09-11 09:02:47
1570113843.jpg,2019-10-03 09:44:03,2020-09-11 01:06:52
1570086482.jpg,2019-10-03 02:08:02,2020-09-10 17:30:48
1570097404.jpg,2019-10-03 05:10:04,2020-09-10 20:32:51
1570108324.jpg,2019-10-03 08:12:04,2020-09-10 23:34:53
1570098723.jpg,2019-10-03 05:32:03,2020-09-10 20:54:51
1570145224.jpg,2019-10-03 18:27:04,2020-09-11 09:49:48
1570137842.jpg,2019-10-03 16:24:02,2020-09-11 07:46:46
1570132084.jpg,2019-10-03 14:48:04,2020-09-11 06:10:49
1570149422.jpg,2019-10-03 19:37:02,2020-09-11 10:59:47
1570133403.jpg,2019-10-03 15:10:03,2020-09-11 06:32:47
1570141081.jpg,2019-10-03 17:18:01,2020-09-11 08:40:46
1570136221.jpg,2019-10-03 15:57:01,2020-09-11 07:19:46
1570120443.jpg,2019-10-03 11:34:03,2020-09-11 02:56:51
1570130644.jpg,2019-10-03 14:24:04,2020-09-11 05:46:50
1570122903.jpg,2019-10-03 12:15:03,2020-09-11 03:37:53
1570120682.jpg,2019-10-03 11:38:02,2020-09-11 03:00:52
1570082223.jpg,2019-10-03 00:57:03,2020-09-10 16:19:50
1570117984.jpg,2019-10-03 10:53:04,2020-09-11 02:15:54
1570135502.jpg,2019-10-03 15:45:02,2020-09-11 07:07:45
1570127884.jpg,2019-10-03 13:38:04,2020-09-11 05:00:54
1570122724.jpg,2019-10-03 12:12:04,2020-09-11 03:34:53
1570101843.jpg,2019-10-03 06:24:03,2020-09-10 21:46:52
1570100585.jpg,2019-10-03 06:03:05,2020-09-10 21:25:52
1570095785.jpg,2019-10-03 04:43:05,2020-09-10 20:05:54
1570127645.jpg,2019-10-03 13:34:05,2020-09-11 04:56:55
1570085582.jpg,2019-10-03 01:53:02,2020-09-10 17:15:48
1570109584.jpg,2019-10-03 08:33:04,2020-09-10 23:55:52
1570145942.jpg,2019-10-03 18:39:02,2020-09-11 10:01:47
1570119783.jpg,2019-10-03 11:23:03,2020-09-11 02:45:54
1570150383.jpg,2019-10-03 19:53:03,2020-09-11 11:15:47
1570141265.jpg,2019-10-03 17:21:05,2020-09-11 08:43:49
1570106884.jpg,2019-10-03 07:48:04,2020-09-10 23:10:55
1570107542.jpg,2019-10-03 07:59:02,2020-09-10 23:21:53
1570129683.jpg,2019-10-03 14:08:03,2020-09-11 05:30:48
1570093684.jpg,2019-10-03 04:08:04,2020-09-10 19:30:53
1570150803.jpg,2019-10-03 20:00:03,2020-09-11 11:22:48
1570107783.jpg,2019-10-03 08:03:03,2020-09-10 23:25:53
1570148043.jpg,2019-10-03 19:14:03,2020-09-11 10:36:48
1570150624.jpg,2019-10-03 19:57:04,2020-09-11 11:19:48
1570118884.jpg,2019-10-03 11:08:04,2020-09-11 02:30:52
1570131423.jpg,2019-10-03 14:37:03,2020-09-11 05:59:49
1570143062.jpg,2019-10-03 17:51:02,2020-09-11 09:13:47
1570081323.jpg,2019-10-03 00:42:03,2020-09-10 16:04:49
1570147562.jpg,2019-10-03 19:06:02,2020-09-11 10:28:47
1570092363.jpg,2019-10-03 03:46:03,2020-09-10 19:08:52
1570116063.jpg,2019-10-03 10:21:03,2020-09-11 01:43:53
1570082164.jpg,2019-10-03 00:56:04,2020-09-10 16:18:50
1570086302.jpg,2019-10-03 02:05:02,2020-09-10 17:27:48
1570084924.jpg,2019-10-03 01:42:04,2020-09-10 17:04:50
1570104842.jpg,2019-10-03 07:14:02,2020-09-10 22:36:50
1570095183.jpg,2019-10-03 04:33:03,2020-09-10 19:55:51
1570079103.jpg,2019-10-03 00:05:03,2020-09-10 15:27:49
1570120923.jpg,2019-10-03 11:42:03,2020-09-11 03:04:53
1570117625.jpg,2019-10-03 10:47:05,2020-09-11 02:09:53
1570147984.jpg,2019-10-03 19:13:04,2020-09-11 10:35:49
1570110604.jpg,2019-10-03 08:50:04,2020-09-11 00:12:55
1570139282.jpg,2019-10-03 16:48:02,2020-09-11 08:10:46
1570149002.jpg,2019-10-03 19:30:02,2020-09-11 10:52:47
1570104664.jpg,2019-10-03 07:11:04,2020-09-10 22:33:54
1570129084.jpg,2019-10-03 13:58:04,2020-09-11 05:20:54
1570083723.jpg,2019-10-03 01:22:03,2020-09-10 16:44:49
1570103645.jpg,2019-10-03 06:54:05,2020-09-10 22:16:54
1570117803.jpg,2019-10-03 10:50:03,2020-09-11 02:12:52
1570140783.jpg,2019-10-03 17:13:03,2020-09-11 08:35:48
1570108923.jpg,2019-10-03 08:22:03,2020-09-10 23:44:53
1570145823.jpg,2019-10-03 18:37:03,2020-09-11 09:59:47
1570134002.jpg,2019-10-03 15:20:02,2020-09-11 06:42:47
1570128365.jpg,2019-10-03 13:46:05,2020-09-11 05:08:54
1570140542.jpg,2019-10-03 17:09:02,2020-09-11 08:31:47
1570150023.jpg,2019-10-03 19:47:03,2020-09-11 11:09:47
1570127283.jpg,2019-10-03 13:28:03,2020-09-11 04:50:54
1570105744.jpg,2019-10-03 07:29:04,2020-09-10 22:51:52
1570101244.jpg,2019-10-03 06:14:04,2020-09-10 21:36:52
1570097226.jpg,2019-10-03 05:07:06,2020-09-10 20:29:53
1570139042.jpg,2019-10-03 16:44:02,2020-09-11 08:06:46
1570136403.jpg,2019-10-03 16:00:03,2020-09-11 07:22:47
1570117383.jpg,2019-10-03 10:43:03,2020-09-11 02:05:53
1570107184.jpg,2019-10-03 07:53:04,2020-09-10 23:15:54
1570150143.jpg,2019-10-03 19:49:03,2020-09-11 11:11:47
1570078803.jpg,2019-10-03 00:00:03,2020-09-10 15:22:49
1570140422.jpg,2019-10-03 17:07:02,2020-09-11 08:29:46
1570143665.jpg,2019-10-03 18:01:05,2020-09-11 09:23:50
1570094883.jpg,2019-10-03 04:28:03,2020-09-10 19:50:52
1570095545.jpg,2019-10-03 04:39:05,2020-09-10 20:01:52
1570105624.jpg,2019-10-03 07:27:04,2020-09-10 22:49:54
1570143842.jpg,2019-10-03 18:04:02,2020-09-11 09:26:45
1570103282.jpg,2019-10-03 06:48:02,2020-09-10 22:10:53
1570096925.jpg,2019-10-03 05:02:05,2020-09-10 20:24:54
1570125245.jpg,2019-10-03 12:54:05,2020-09-11 04:16:55
1570083482.jpg,2019-10-03 01:18:02,2020-09-10 16:40:48
1570114265.jpg,2019-10-03 09:51:05,2020-09-11 01:13:54
1570094465.jpg,2019-10-03 04:21:05,2020-09-10 19:43:53
1570103043.jpg,2019-10-03 06:44:03,2020-09-10 22:06:53
1570078383.jpg,2019-10-02 23:53:03,2020-09-10 15:15:49
1570088702.jpg,2019-10-03 02:45:02,2020-09-10 18:07:48
1570131783.jpg,2019-10-03 14:43:03,2020-09-11 06:05:48
1570145764.jpg,2019-10-03 18:36:04,2020-09-11 09:58:48
1570141502.jpg,2019-10-03 17:25:02,2020-09-11 08:47:47
1570122066.jpg,2019-10-03 12:01:06,2020-09-11 03:23:56
1570081083.jpg,2019-10-03 00:38:03,2020-09-10 16:00:49
1570148283.jpg,2019-10-03 19:18:03,2020-09-11 10:40:47
1570087382.jpg,2019-10-03 02:23:02,2020-09-10 17:45:48
1570136763.jpg,2019-10-03 16:06:03,2020-09-11 07:28:48
1570126564.jpg,2019-10-03 13:16:04,2020-09-11 04:38:53
1570137482.jpg,2019-10-03 16:18:02,2020-09-11 07:40:46
1570101124.jpg,2019-10-03 06:12:04,2020-09-10 21:34:54
1570089422.jpg,2019-10-03 02:57:02,2020-09-10 18:19:48
1570131965.jpg,2019-10-03 14:46:05,2020-09-11 06:08:51
1570112164.jpg,2019-10-03 09:16:04,2020-09-11 00:38:52
1570144322.jpg,2019-10-03 18:12:02,2020-09-11 09:34:46
1570111684.jpg,2019-10-03 09:08:04,2020-09-11 00:30:54
1570114924.jpg,2019-10-03 10:02:04,2020-09-11 01:24:52
1570133343.jpg,2019-10-03 15:09:03,2020-09-11 06:31:47
1570123144.jpg,2019-10-03 12:19:04,2020-09-11 03:41:53
1570101483.jpg,2019-10-03 06:18:03,2020-09-10 21:40:53
1570107964.jpg,2019-10-03 08:06:04,2020-09-10 23:28:54
1570124165.jpg,2019-10-03 12:36:05,2020-09-11 03:58:54
1570087802.jpg,2019-10-03 02:30:02,2020-09-10 17:52:49
1570097344.jpg,2019-10-03 05:09:04,2020-09-10 20:31:53
1570118105.jpg,2019-10-03 10:55:05,2020-09-11 02:17:53
1570135083.jpg,2019-10-03 15:38:03,2020-09-11 07:00:46
1570098063.jpg,2019-10-03 05:21:03,2020-09-10 20:43:53
1570087143.jpg,2019-10-03 02:19:03,2020-09-10 17:41:49
1570142223.jpg,2019-10-03 17:37:03,2020-09-11 08:59:48
1570116666.jpg,2019-10-03 10:31:06,2020-09-11 01:53:54
1570127524.jpg,2019-10-03 13:32:04,2020-09-11 04:54:56
1570123024.jpg,2019-10-03 12:17:04,2020-09-11 03:39:52
1570124763.jpg,2019-10-03 12:46:03,2020-09-11 04:08:53
1570091641.jpg,2019-10-03 03:34:01,2020-09-10 18:56:48
1570098665.jpg,2019-10-03 05:31:05,2020-09-10 20:53:55
1570124944.jpg,2019-10-03 12:49:04,2020-09-11 04:11:52
1570118703.jpg,2019-10-03 11:05:03,2020-09-11 02:27:54
1570084502.jpg,2019-10-03 01:35:02,2020-09-10 16:57:49
1570140965.jpg,2019-10-03 17:16:05,2020-09-11 08:38:49
1570135322.jpg,2019-10-03 15:42:02,2020-09-11 07:04:47
1570125125.jpg,2019-10-03 12:52:05,2020-09-11 04:14:56
1570146482.jpg,2019-10-03 18:48:02,2020-09-11 10:10:46
1570085344.jpg,2019-10-03 01:49:04,2020-09-10 17:11:50
1570082403.jpg,2019-10-03 01:00:03,2020-09-10 16:22:49
1570086665.jpg,2019-10-03 02:11:05,2020-09-10 17:33:51
1570099023.jpg,2019-10-03 05:37:03,2020-09-10 20:59:52
1570102565.jpg,2019-10-03 06:36:05,2020-09-10 21:58:55
1570092604.jpg,2019-10-03 03:50:04,2020-09-10 19:12:54
1570102203.jpg,2019-10-03 06:30:03,2020-09-10 21:52:52
1570099744.jpg,2019-10-03 05:49:04,2020-09-10 21:11:51
1570112763.jpg,2019-10-03 09:26:03,2020-09-11 00:48:55
1570101723.jpg,2019-10-03 06:22:03,2020-09-10 21:44:52
1570136164.jpg,2019-10-03 15:56:04,2020-09-11 07:18:48
1570101904.jpg,2019-10-03 06:25:04,2020-09-10 21:47:52
1570086843.jpg,2019-10-03 02:14:03,2020-09-10 17:36:49
1570080003.jpg,2019-10-03 00:20:03,2020-09-10 15:42:49
1570142342.jpg,2019-10-03 17:39:02,2020-09-11 09:01:47
1570100165.jpg,2019-10-03 05:56:05,2020-09-10 21:18:53
1570094704.jpg,2019-10-03 04:25:04,2020-09-10 19:47:52
1570087022.jpg,2019-10-03 02:17:02,2020-09-10 17:39:48
1570089782.jpg,2019-10-03 03:03:02,2020-09-10 18:25:49
1570079465.jpg,2019-10-03 00:11:05,2020-09-10 15:33:51
1570130703.jpg,2019-10-03 14:25:03,2020-09-11 05:47:49
1570144082.jpg,2019-10-03 18:08:02,2020-09-11 09:30:47
1570123743.jpg,2019-10-03 12:29:03,2020-09-11 03:51:52
1570123804.jpg,2019-10-03 12:30:04,2020-09-11 03:52:53
1570146722.jpg,2019-10-03 18:52:02,2020-09-11 10:14:46
1570103524.jpg,2019-10-03 06:52:04,2020-09-10 22:14:51
1570099383.jpg,2019-10-03 05:43:03,2020-09-10 21:05:51
1570113904.jpg,2019-10-03 09:45:04,2020-09-11 01:07:52
1570134363.jpg,2019-10-03 15:26:03,2020-09-11 06:48:47
1570089184.jpg,2019-10-03 02:53:04,2020-09-10 18:15:50
1570138203.jpg,2019-10-03 16:30:03,2020-09-11 07:52:47
1570078141.jpg,2019-10-02 23:49:01,2020-09-10 15:11:48
1570128004.jpg,2019-10-03 13:40:04,2020-09-11 05:02:55
1570099624.jpg,2019-10-03 05:47:04,2020-09-10 21:09:54
1570096265.jpg,2019-10-03 04:51:05,2020-09-10 20:13:56
1570091522.jpg,2019-10-03 03:32:02,2020-09-10 18:54:48
1570111444.jpg,2019-10-03 09:04:04,2020-09-11 00:26:54
1570129865.jpg,2019-10-03 14:11:05,2020-09-11 05:33:51
1570111322.jpg,2019-10-03 09:02:02,2020-09-11 00:24:52
1570143302.jpg,2019-10-03 17:55:02,2020-09-11 09:17:46
1570095963.jpg,2019-10-03 04:46:03,2020-09-10 20:08:55
1570138983.jpg,2019-10-03 16:43:03,2020-09-11 08:05:48
1570125722.jpg,2019-10-03 13:02:02,2020-09-11 04:24:53
1570119965.jpg,2019-10-03 11:26:05,2020-09-11 02:48:55
1570079703.jpg,2019-10-03 00:15:03,2020-09-10 15:37:49
1570124404.jpg,2019-10-03 12:40:04,2020-09-11 04:02:53
1570132266.jpg,2019-10-03 14:51:06,2020-09-11 06:13:53
1570134603.jpg,2019-10-03 15:30:03,2020-09-11 06:52:47
1570105384.jpg,2019-10-03 07:23:04,2020-09-10 22:45:54
1570146242.jpg,2019-10-03 18:44:02,2020-09-11 10:06:46
1570104065.jpg,2019-10-03 07:01:05,2020-09-10 22:23:53
1570118464.jpg,2019-10-03 11:01:04,2020-09-11 02:23:53
1570121583.jpg,2019-10-03 11:53:03,2020-09-11 03:15:54
1570117025.jpg,2019-10-03 10:37:05,2020-09-11 01:59:53
1570083122.jpg,2019-10-03 01:12:02,2020-09-10 16:34:49
1570129444.jpg,2019-10-03 14:04:04,2020-09-11 05:26:49
1570116844.jpg,2019-10-03 10:34:04,2020-09-11 01:56:54
1570130883.jpg,2019-10-03 14:28:03,2020-09-11 05:50:50
1570106464.jpg,2019-10-03 07:41:04,2020-09-10 23:03:55
1570119544.jpg,2019-10-03 11:19:04,2020-09-11 02:41:53
1570082764.jpg,2019-10-03 01:06:04,2020-09-10 16:28:49
1570091042.jpg,2019-10-03 03:24:02,2020-09-10 18:46:49
1570122303.jpg,2019-10-03 12:05:03,2020-09-11 03:27:52
1570082823.jpg,2019-10-03 01:07:03,2020-09-10 16:29:50
1570093084.jpg,2019-10-03 03:58:04,2020-09-10 19:20:52
1570078743.jpg,2019-10-02 23:59:03,2020-09-10 15:21:49
1570135864.jpg,2019-10-03 15:51:04,2020-09-11 07:13:48
1570119424.jpg,2019-10-03 11:17:04,2020-09-11 02:39:53
1570108267.jpg,2019-10-03 08:11:07,2020-09-10 23:33:55
1570148643.jpg,2019-10-03 19:24:03,2020-09-11 10:46:47
1570095422.jpg,2019-10-03 04:37:02,2020-09-10 19:59:51
1570133583.jpg,2019-10-03 15:13:03,2020-09-11 06:35:47
1570147202.jpg,2019-10-03 19:00:02,2020-09-11 10:22:46
1570081443.jpg,2019-10-03 00:44:03,2020-09-10 16:06:49
1570083903.jpg,2019-10-03 01:25:03,2020-09-10 16:47:50
1570119183.jpg,2019-10-03 11:13:03,2020-09-11 02:35:51
1570081866.jpg,2019-10-03 00:51:06,2020-09-10 16:13:52
1570081682.jpg,2019-10-03 00:48:02,2020-09-10 16:10:48
1570100405.jpg,2019-10-03 06:00:05,2020-09-10 21:22:54
1570131182.jpg,2019-10-03 14:33:02,2020-09-11 05:55:49
1570107425.jpg,2019-10-03 07:57:05,2020-09-10 23:19:54
1570098305.jpg,2019-10-03 05:25:05,2020-09-10 20:47:53
1570145164.jpg,2019-10-03 18:26:04,2020-09-11 09:48:48
1570117144.jpg,2019-10-03 10:39:04,2020-09-11 02:01:52
1570127044.jpg,2019-10-03 13:24:04,2020-09-11 04:46:52
1570115223.jpg,2019-10-03 10:07:03,2020-09-11 01:29:51
1570105024.jpg,2019-10-03 07:17:04,2020-09-10 22:39:54
1570146121.jpg,2019-10-03 18:42:01,2020-09-11 10:04:46
1570150743.jpg,2019-10-03 19:59:03,2020-09-11 11:21:48
1570090201.jpg,2019-10-03 03:10:01,2020-09-10 18:32:48
1570089963.jpg,2019-10-03 03:06:03,2020-09-10 18:28:48
1570097585.jpg,2019-10-03 05:13:05,2020-09-10 20:35:53
1570078024.jpg,2019-10-02 23:47:04,2020-09-10 15:09:50
1570120267.jpg,2019-10-03 11:31:07,2020-09-11 02:53:56
1570105144.jpg,2019-10-03 07:19:04,2020-09-10 22:41:52
1570132924.jpg,2019-10-03 15:02:04,2020-09-11 06:24:49
1570115343.jpg,2019-10-03 10:09:03,2020-09-11 01:31:51
1570112404.jpg,2019-10-03 09:20:04,2020-09-11 00:42:54
1570144865.jpg,2019-10-03 18:21:05,2020-09-11 09:43:50
1570131544.jpg,2019-10-03 14:39:04,2020-09-11 06:01:49
1570082942.jpg,2019-10-03 01:09:02,2020-09-10 16:31:47
1570078622.jpg,2019-10-02 23:57:02,2020-09-10 15:19:48
1570139642.jpg,2019-10-03 16:54:02,2020-09-11 08:16:47
1570105805.jpg,2019-10-03 07:30:05,2020-09-10 22:52:53
1570129323.jpg,2019-10-03 14:02:03,2020-09-11 05:24:47
1570142582.jpg,2019-10-03 17:43:02,2020-09-11 09:05:46
1570093867.jpg,2019-10-03 04:11:07,2020-09-10 19:33:56
1570113242.jpg,2019-10-03 09:34:02,2020-09-11 00:56:51
1570117742.jpg,2019-10-03 10:49:02,2020-09-11 02:11:50
1570093324.jpg,2019-10-03 04:02:04,2020-09-10 19:24:53
1570093442.jpg,2019-10-03 04:04:02,2020-09-10 19:26:51
1570149602.jpg,2019-10-03 19:40:02,2020-09-11 11:02:46
1570110005.jpg,2019-10-03 08:40:05,2020-09-11 00:02:55
1570080364.jpg,2019-10-03 00:26:04,2020-09-10 15:48:50
1570114505.jpg,2019-10-03 09:55:05,2020-09-11 01:17:54
1570091282.jpg,2019-10-03 03:28:02,2020-09-10 18:50:48
1570130464.jpg,2019-10-03 14:21:04,2020-09-11 05:43:51
1570140181.jpg,2019-10-03 17:03:01,2020-09-11 08:25:47
1570126204.jpg,2019-10-03 13:10:04,2020-09-11 04:32:53
1570132503.jpg,2019-10-03 14:55:03,2020-09-11 06:17:50
1570144442.jpg,2019-10-03 18:14:02,2020-09-11 09:36:46
1570109224.jpg,2019-10-03 08:27:04,2020-09-10 23:49:54
1570116304.jpg,2019-10-03 10:25:04,2020-09-11 01:47:55
1570096504.jpg,2019-10-03 04:55:04,2020-09-10 20:17:53
1570106103.jpg,2019-10-03 07:35:03,2020-09-10 22:57:53
1570092004.jpg,2019-10-03 03:40:04,2020-09-10 19:02:54
1570085222.jpg,2019-10-03 01:47:02,2020-09-10 17:09:49
1570136942.jpg,2019-10-03 16:09:02,2020-09-11 07:31:46
1570144683.jpg,2019-10-03 18:18:03,2020-09-11 09:40:47
1570141923.jpg,2019-10-03 17:32:03,2020-09-11 08:54:47
1570130102.jpg,2019-10-03 14:15:02,2020-09-11 05:37:48
1570111866.jpg,2019-10-03 09:11:06,2020-09-11 00:33:54
1570100943.jpg,2019-10-03 06:09:03,2020-09-10 21:31:52
1570123624.jpg,2019-10-03 12:27:04,2020-09-11 03:49:52
1570137123.jpg,2019-10-03 16:12:03,2020-09-11 07:34:47
1570094105.jpg,2019-10-03 04:15:05,2020-09-10 19:37:54
1570149364.jpg,2019-10-03 19:36:04,2020-09-11 10:58:48
1570080602.jpg,2019-10-03 00:30:02,2020-09-10 15:52:48
1570087623.jpg,2019-10-03 02:27:03,2020-09-10 17:49:49
1570113724.jpg,2019-10-03 09:42:04,2020-09-11 01:04:54
1570120503.jpg,2019-10-03 11:35:03,2020-09-11 02:57:52
1570098844.jpg,2019-10-03 05:34:04,2020-09-10 20:56:53
1570115584.jpg,2019-10-03 10:13:04,2020-09-11 01:35:54
1570128605.jpg,2019-10-03 13:50:05,2020-09-11 05:12:54
1570111084.jpg,2019-10-03 08:58:04,2020-09-11 00:20:54
1570129269.jpg,2019-10-03 14:01:09,2020-09-11 05:23:55
1570137902.jpg,2019-10-03 16:25:02,2020-09-11 07:47:46
1570104304.jpg,2019-10-03 07:05:04,2020-09-10 22:27:52
1570125484.jpg,2019-10-03 12:58:04,2020-09-11 04:20:54
1570083243.jpg,2019-10-03 01:14:03,2020-09-10 16:36:50
1570135683.jpg,2019-10-03 15:48:03,2020-09-11 07:10:47
1570122664.jpg,2019-10-03 12:11:04,2020-09-11 03:33:55
1570139522.jpg,2019-10-03 16:52:02,2020-09-11 08:14:47
1570079884.jpg,2019-10-03 00:18:04,2020-09-10 15:40:50
1570137241.jpg,2019-10-03 16:14:01,2020-09-11 07:36:45
1570112943.jpg,2019-10-03 09:29:03,2020-09-11 00:51:54
1570089544.jpg,2019-10-03 02:59:04,2020-09-10 18:21:51
1570088882.jpg,2019-10-03 02:48:02,2020-09-10 18:10:49
1570136822.jpg,2019-10-03 16:07:02,2020-09-11 07:29:46
1570122843.jpg,2019-10-03 12:14:03,2020-09-11 03:36:52
1570090982.jpg,2019-10-03 03:23:02,2020-09-10 18:45:48
1570088101.jpg,2019-10-03 02:35:01,2020-09-10 17:57:47
1570109345.jpg,2019-10-03 08:29:05,2020-09-10 23:51:53
1570077843.jpg,2019-10-02 23:44:03,2020-09-10 15:06:49
1570106704.jpg,2019-10-03 07:45:04,2020-09-10 23:07:54
1570135443.jpg,2019-10-03 15:44:03,2020-09-11 07:06:48
1570113484.jpg,2019-10-03 09:38:04,2020-09-11 01:00:54
1570121344.jpg,2019-10-03 11:49:04,2020-09-11 03:11:54
1570145403.jpg,2019-10-03 18:30:03,2020-09-11 09:52:47
1570108503.jpg,2019-10-03 08:15:03,2020-09-10 23:37:53
1570087742.jpg,2019-10-03 02:29:02,2020-09-10 17:51:48
1570113123.jpg,2019-10-03 09:32:03,2020-09-11 00:54:53
1570088465.jpg,2019-10-03 02:41:05,2020-09-10 18:03:51
1570102984.jpg,2019-10-03 06:43:04,2020-09-10 22:05:52
1570090564.jpg,2019-10-03 03:16:04,2020-09-10 18:38:50
1570084263.jpg,2019-10-03 01:31:03,2020-09-10 16:53:49
1570110364.jpg,2019-10-03 08:46:04,2020-09-11 00:08:52
1570100822.jpg,2019-10-03 06:07:02,2020-09-10 21:29:52
1570133224.jpg,2019-10-03 15:07:04,2020-09-11 06:29:49
1570137724.jpg,2019-10-03 16:22:04,2020-09-11 07:44:47
1570124823.jpg,2019-10-03 12:47:03,2020-09-11 04:09:52
1570100765.jpg,2019-10-03 06:06:05,2020-09-10 21:28:54
1570146903.jpg,2019-10-03 18:55:03,2020-09-11 10:17:47
1570126985.jpg,2019-10-03 13:23:05,2020-09-11 04:45:54
1570138563.jpg,2019-10-03 16:36:03,2020-09-11 07:58:48
1570148523.jpg,2019-10-03 19:22:03,2020-09-11 10:44:47
1570123382.jpg,2019-10-03 12:23:02,2020-09-11 03:45:51
1570125903.jpg,2019-10-03 13:05:03,2020-09-11 04:27:53
1570099144.jpg,2019-10-03 05:39:04,2020-09-10 21:01:53
1570121224.jpg,2019-10-03 11:47:04,2020-09-11 03:09:53
1570112822.jpg,2019-10-03 09:27:02,2020-09-11 00:49:52
1570099805.jpg,2019-10-03 05:50:05,2020-09-10 21:12:54
1570106824.jpg,2019-10-03 07:47:04,2020-09-10 23:09:53
1570126504.jpg,2019-10-03 13:15:04,2020-09-11 04:37:55
1570129623.jpg,2019-10-03 14:07:03,2020-09-11 05:29:48
1570136703.jpg,2019-10-03 16:05:03,2020-09-11 07:27:46
1570134841.jpg,2019-10-03 15:34:01,2020-09-11 06:56:44
1570085522.jpg,2019-10-03 01:52:02,2020-09-10 17:14:50
1570143363.jpg,2019-10-03 17:56:03,2020-09-11 09:18:48
1570150323.jpg,2019-10-03 19:52:03,2020-09-11 11:14:47
1570106165.jpg,2019-10-03 07:36:05,2020-09-10 22:58:53
1570119723.jpg,2019-10-03 11:22:03,2020-09-11 02:44:52
1570096204.jpg,2019-10-03 04:50:04,2020-09-10 20:12:52
1570127342.jpg,2019-10-03 13:29:02,2020-09-11 04:51:51
1570080843.jpg,2019-10-03 00:34:03,2020-09-10 15:56:50
1570132983.jpg,2019-10-03 15:03:03,2020-09-11 06:25:50
1570128065.jpg,2019-10-03 13:41:05,2020-09-11 05:03:54
1570130164.jpg,2019-10-03 14:16:04,2020-09-11 05:38:49
1570113965.jpg,2019-10-03 09:46:05,2020-09-11 01:08:53
1570124105.jpg,2019-10-03 12:35:05,2020-09-11 03:57:54
1570118824.jpg,2019-10-03 11:07:04,2020-09-11 02:29:52
1570098003.jpg,2019-10-03 05:20:03,2020-09-10 20:42:52
1570096984.jpg,2019-10-03 05:03:04,2020-09-10 20:25:54
1570103223.jpg,2019-10-03 06:47:03,2020-09-10 22:09:52
1570080664.jpg,2019-10-03 00:31:04,2020-09-10 15:53:50
1570095484.jpg,2019-10-03 04:38:04,2020-09-10 20:00:55
1570120203.jpg,2019-10-03 11:30:03,2020-09-11 02:52:52
1570078083.jpg,2019-10-02 23:48:03,2020-09-10 15:10:49
1570103343.jpg,2019-10-03 06:49:03,2020-09-10 22:11:53
1570107125.jpg,2019-10-03 07:52:05,2020-09-10 23:14:54
1570117444.jpg,2019-10-03 10:44:04,2020-09-11 02:06:52
1570098605.jpg,2019-10-03 05:30:05,2020-09-10 20:52:55
1570083543.jpg,2019-10-03 01:19:03,2020-09-10 16:41:50
1570128844.jpg,2019-10-03 13:54:04,2020-09-11 05:16:52
1570110303.jpg,2019-10-03 08:45:03,2020-09-11 00:07:55
1570090503.jpg,2019-10-03 03:15:03,2020-09-10 18:37:49
1570094765.jpg,2019-10-03 04:26:05,2020-09-10 19:48:54
1570107482.jpg,2019-10-03 07:58:02,2020-09-10 23:20:51
1570120983.jpg,2019-10-03 11:43:03,2020-09-11 03:05:51
1570101965.jpg,2019-10-03 06:26:05,2020-09-10 21:48:54
1570079821.jpg,2019-10-03 00:17:01,2020-09-10 15:39:47
1570095123.jpg,2019-10-03 04:32:03,2020-09-10 19:54:52
1570140722.jpg,2019-10-03 17:12:02,2020-09-11 08:34:46
1570108983.jpg,2019-10-03 08:23:03,2020-09-10 23:45:51
1570145883.jpg,2019-10-03 18:38:03,2020-09-11 10:00:47
1570112703.jpg,2019-10-03 09:25:03,2020-09-11 00:47:52
1570102504.jpg,2019-10-03 06:35:04,2020-09-10 21:57:52
1570110666.jpg,2019-10-03 08:51:06,2020-09-11 00:13:54
1570119124.jpg,2019-10-03 11:12:04,2020-09-11 02:34:54
1570092665.jpg,2019-10-03 03:51:05,2020-09-10 19:13:54
1570148343.jpg,2019-10-03 19:19:03,2020-09-11 10:41:48
1570115044.jpg,2019-10-03 10:04:04,2020-09-11 01:26:53
1570081143.jpg,2019-10-03 00:39:03,2020-09-10 16:01:49
1570139223.jpg,2019-10-03 16:47:03,2020-09-11 08:09:46
1570122603.jpg,2019-10-03 12:10:03,2020-09-11 03:32:52
1570129024.jpg,2019-10-03 13:57:04,2020-09-11 05:19:55
1570083783.jpg,2019-10-03 01:23:03,2020-09-10 16:45:49
1570117684.jpg,2019-10-03 10:48:04,2020-09-11 02:10:54
1570131125.jpg,2019-10-03 14:32:05,2020-09-11 05:54:49
1570100105.jpg,2019-10-03 05:55:05,2020-09-10 21:17:54
1570090264.jpg,2019-10-03 03:11:04,2020-09-10 18:33:50
1570080063.jpg,2019-10-03 00:21:03,2020-09-10 15:43:49
1570089721.jpg,2019-10-03 03:02:01,2020-09-10 18:24:48
1570137965.jpg,2019-10-03 16:26:05,2020-09-11 07:48:49
1570084563.jpg,2019-10-03 01:36:03,2020-09-10 16:58:49
1570108565.jpg,2019-10-03 08:16:05,2020-09-10 23:38:55
1570088403.jpg,2019-10-03 02:40:03,2020-09-10 18:02:49
1570097523.jpg,2019-10-03 05:12:03,2020-09-10 20:34:52
1570085641.jpg,2019-10-03 01:54:01,2020-09-10 17:16:48
1570150083.jpg,2019-10-03 19:48:03,2020-09-11 11:10:47
1570081382.jpg,2019-10-03 00:43:02,2020-09-10 16:05:49
1570149303.jpg,2019-10-03 19:35:03,2020-09-11 10:57:47
1570107722.jpg,2019-10-03 08:02:02,2020-09-10 23:24:52
1570118164.jpg,2019-10-03 10:56:04,2020-09-11 02:18:54
1570130824.jpg,2019-10-03 14:27:04,2020-09-11 05:49:51
1570140482.jpg,2019-10-03 17:08:02,2020-09-11 08:30:46
1570086002.jpg,2019-10-03 02:00:02,2020-09-10 17:22:48
1570131904.jpg,2019-10-03 14:45:04,2020-09-11 06:07:51
1570112105.jpg,2019-10-03 09:15:05,2020-09-11 00:37:55
1570095724.jpg,2019-10-03 04:42:04,2020-09-10 20:04:53
1570129144.jpg,2019-10-03 13:59:04,2020-09-11 05:21:53
1570139343.jpg,2019-10-03 16:49:03,2020-09-11 08:11:47
1570078323.jpg,2019-10-02 23:52:03,2020-09-10 15:14:49
1570121524.jpg,2019-10-03 11:52:04,2020-09-11 03:14:52
1570131723.jpg,2019-10-03 14:42:03,2020-09-11 06:04:48
1570137422.jpg,2019-10-03 16:17:02,2020-09-11 07:39:46
1570111383.jpg,2019-10-03 09:03:03,2020-09-11 00:25:53
1570091583.jpg,2019-10-03 03:33:03,2020-09-10 18:55:49
1570123443.jpg,2019-10-03 12:24:03,2020-09-11 03:46:53
1570132566.jpg,2019-10-03 14:56:06,2020-09-11 06:18:54
1570144382.jpg,2019-10-03 18:13:02,2020-09-11 09:35:47
1570125783.jpg,2019-10-03 13:03:03,2020-09-11 04:25:52
1570097643.jpg,2019-10-03 05:14:03,2020-09-10 20:36:55
1570088763.jpg,2019-10-03 02:46:03,2020-09-10 18:08:49
1570113543.jpg,2019-10-03 09:39:03,2020-09-11 01:01:53
1570141563.jpg,2019-10-03 17:26:03,2020-09-11 08:48:47
1570146542.jpg,2019-10-03 18:49:02,2020-09-11 10:11:46
1570080303.jpg,2019-10-03 00:25:03,2020-09-10 15:47:49
1570094404.jpg,2019-10-03 04:20:04,2020-09-10 19:42:52
1570124884.jpg,2019-10-03 12:48:04,2020-09-11 04:10:52
1570144802.jpg,2019-10-03 18:20:02,2020-09-11 09:42:47
1570135023.jpg,2019-10-03 15:37:03,2020-09-11 06:59:47
1570105686.jpg,2019-10-03 07:28:06,2020-09-10 22:50:54
1570111803.jpg,2019-10-03 09:10:03,2020-09-11 00:32:54
1570142283.jpg,2019-10-03 17:38:03,2020-09-11 09:00:47
1570114984.jpg,2019-10-03 10:03:04,2020-09-11 01:25:52
1570126922.jpg,2019-10-03 13:22:02,2020-09-11 04:44:51
1570101423.jpg,2019-10-03 06:17:03,2020-09-10 21:39:51
1570135143.jpg,2019-10-03 15:39:03,2020-09-11 07:01:47
1570102923.jpg,2019-10-03 06:42:03,2020-09-10 22:04:52
1570121644.jpg,2019-10-03 11:54:04,2020-09-11 03:16:52
1570122365.jpg,2019-10-03 12:06:05,2020-09-11 03:28:55
1570120566.jpg,2019-10-03 11:36:06,2020-09-11 02:58:54
1570133283.jpg,2019-10-03 15:08:03,2020-09-11 06:30:48
1570147502.jpg,2019-10-03 19:05:02,2020-09-11 10:27:46
1570111744.jpg,2019-10-03 09:09:04,2020-09-11 00:31:54
1570109645.jpg,2019-10-03 08:34:05,2020-09-10 23:56:53
1570086362.jpg,2019-10-03 02:06:02,2020-09-10 17:28:48
1570092303.jpg,2019-10-03 03:45:03,2020-09-10 19:07:52
1570128304.jpg,2019-10-03 13:45:04,2020-09-11 05:07:55
1570137542.jpg,2019-10-03 16:19:02,2020-09-11 07:41:46
1570135382.jpg,2019-10-03 15:43:02,2020-09-11 07:05:46
1570113423.jpg,2019-10-03 09:37:03,2020-09-11 00:59:52
1570146423.jpg,2019-10-03 18:47:03,2020-09-11 10:09:47
1570104604.jpg,2019-10-03 07:10:04,2020-09-10 22:32:52
1570088164.jpg,2019-10-03 02:36:04,2020-09-10 17:58:50
1570145102.jpg,2019-10-03 18:25:02,2020-09-11 09:47:46
1570143003.jpg,2019-10-03 17:50:03,2020-09-11 09:12:47
1570137782.jpg,2019-10-03 16:23:02,2020-09-11 07:45:46
1570147265.jpg,2019-10-03 19:01:05,2020-09-11 10:23:50
1570115523.jpg,2019-10-03 10:12:03,2020-09-11 01:34:53
1570123085.jpg,2019-10-03 12:18:05,2020-09-11 03:40:53
1570136463.jpg,2019-10-03 16:01:03,2020-09-11 07:23:47
1570146184.jpg,2019-10-03 18:43:04,2020-09-11 10:05:48
1570097285.jpg,2019-10-03 05:08:05,2020-09-10 20:30:52
1570116604.jpg,2019-10-03 10:30:04,2020-09-11 01:52:53
1570144142.jpg,2019-10-03 18:09:02,2020-09-11 09:31:46
1570082703.jpg,2019-10-03 01:05:03,2020-09-10 16:27:50
1570119245.jpg,2019-10-03 11:14:05,2020-09-11 02:36:54
1570123683.jpg,2019-10-03 12:28:03,2020-09-11 03:50:52
1570083421.jpg,2019-10-03 01:17:01,2020-09-10 16:39:48
1570111625.jpg,2019-10-03 09:07:05,2020-09-11 00:29:55
1570111143.jpg,2019-10-03 08:59:03,2020-09-11 00:21:51
1570146782.jpg,2019-10-03 18:53:02,2020-09-11 10:15:47
1570113783.jpg,2019-10-03 09:43:03,2020-09-11 01:05:53
1570125543.jpg,2019-10-03 12:59:03,2020-09-11 04:21:52
1570103584.jpg,2019-10-03 06:53:04,2020-09-10 22:15:53
1570138923.jpg,2019-10-03 16:42:03,2020-09-11 08:04:47
1570114205.jpg,2019-10-03 09:50:05,2020-09-11 01:12:54
1570142043.jpg,2019-10-03 17:34:03,2020-09-11 08:56:48
1570148220.jpg,2019-10-03 19:17:00,2020-09-11 10:39:46
1570087323.jpg,2019-10-03 02:22:03,2020-09-10 17:44:49
1570112884.jpg,2019-10-03 09:28:04,2020-09-11 00:50:53
1570079943.jpg,2019-10-03 00:19:03,2020-09-10 15:41:49
1570118403.jpg,2019-10-03 11:00:03,2020-09-11 02:22:52
1570107245.jpg,2019-10-03 07:54:05,2020-09-10 23:16:54
1570099684.jpg,2019-10-03 05:48:04,2020-09-10 21:10:52
1570079764.jpg,2019-10-03 00:16:04,2020-09-10 15:38:50
1570089483.jpg,2019-10-03 02:58:03,2020-09-10 18:20:49
1570124463.jpg,2019-10-03 12:41:03,2020-09-11 04:03:52
1570149843.jpg,2019-10-03 19:44:03,2020-09-11 11:06:47
1570126264.jpg,2019-10-03 13:11:04,2020-09-11 04:33:53
1570122002.jpg,2019-10-03 12:00:02,2020-09-11 03:22:53
1570099864.jpg,2019-10-03 05:51:04,2020-09-10 21:13:52
1570150443.jpg,2019-10-03 19:54:03,2020-09-11 11:16:47
1570140122.jpg,2019-10-03 17:02:02,2020-09-11 08:24:46
1570116364.jpg,2019-10-03 10:26:04,2020-09-11 01:48:53
1570081024.jpg,2019-10-03 00:37:04,2020-09-10 15:59:50
1570081742.jpg,2019-10-03 00:49:02,2020-09-10 16:11:48
1570105324.jpg,2019-10-03 07:22:04,2020-09-10 22:44:52
1570091223.jpg,2019-10-03 03:27:03,2020-09-10 18:49:50
1570134304.jpg,2019-10-03 15:25:04,2020-09-11 06:47:48
1570138264.jpg,2019-10-03 16:31:04,2020-09-11 07:53:48
1570094824.jpg,2019-10-03 04:27:04,2020-09-10 19:49:51
1570142523.jpg,2019-10-03 17:42:03,2020-09-11 09:04:48
1570100704.jpg,2019-10-03 06:05:04,2020-09-10 21:27:53
1570094165.jpg,2019-10-03 04:16:05,2020-09-10 19:38:53
1570123863.jpg,2019-10-03 12:31:03,2020-09-11 03:53:52
1570078683.jpg,2019-10-02 23:58:03,2020-09-10 15:20:49
1570093144.jpg,2019-10-03 03:59:04,2020-09-10 19:21:53
1570130764.jpg,2019-10-03 14:26:04,2020-09-11 05:48:49
1570119484.jpg,2019-10-03 11:18:04,2020-09-11 02:40:53
1570127224.jpg,2019-10-03 13:27:04,2020-09-11 04:49:55
1570117324.jpg,2019-10-03 10:42:04,2020-09-11 02:04:53
1570108204.jpg,2019-10-03 08:10:04,2020-09-10 23:32:54
1570093024.jpg,2019-10-03 03:57:04,2020-09-10 19:19:51
1570092845.jpg,2019-10-03 03:54:05,2020-09-10 19:16:54
1570089242.jpg,2019-10-03 02:54:02,2020-09-10 18:16:49
1570106765.jpg,2019-10-03 07:46:05,2020-09-10 23:08:54
1570091343.jpg,2019-10-03 03:29:03,2020-09-10 18:51:50
1570084982.jpg,2019-10-03 01:43:02,2020-09-10 17:05:49
1570081623.jpg,2019-10-03 00:47:03,2020-09-10 16:09:49
1570086602.jpg,2019-10-03 02:10:02,2020-09-10 17:32:48
1570106943.jpg,2019-10-03 07:49:03,2020-09-10 23:11:51
1570140902.jpg,2019-10-03 17:15:02,2020-09-11 08:37:46
1570081804.jpg,2019-10-03 00:50:04,2020-09-10 16:12:50
1570129744.jpg,2019-10-03 14:09:04,2020-09-11 05:31:51
1570136102.jpg,2019-10-03 15:55:02,2020-09-11 07:17:47
1570147923.jpg,2019-10-03 19:12:03,2020-09-11 10:34:48
1570093743.jpg,2019-10-03 04:09:03,2020-09-10 19:31:52
1570118764.jpg,2019-10-03 11:06:04,2020-09-11 02:28:52
1570145463.jpg,2019-10-03 18:31:03,2020-09-11 09:53:47
1570082882.jpg,2019-10-03 01:08:02,2020-09-10 16:30:49
1570130942.jpg,2019-10-03 14:29:02,2020-09-11 05:51:47
1570131484.jpg,2019-10-03 14:38:04,2020-09-11 06:00:49
1570084203.jpg,2019-10-03 01:30:03,2020-09-10 16:52:49
1570104365.jpg,2019-10-03 07:06:05,2020-09-10 22:28:54
1570140241.jpg,2019-10-03 17:04:01,2020-09-11 08:26:46
1570133522.jpg,2019-10-03 15:12:02,2020-09-11 06:34:46
1570115283.jpg,2019-10-03 10:08:03,2020-09-11 01:30:52
1570094945.jpg,2019-10-03 04:29:05,2020-09-10 19:51:53
1570105084.jpg,2019-10-03 07:18:04,2020-09-10 22:40:54
1570124704.jpg,2019-10-03 12:45:04,2020-09-11 04:07:53
1570079403.jpg,2019-10-03 00:10:03,2020-09-10 15:32:49
1570118943.jpg,2019-10-03 11:09:03,2020-09-11 02:31:51
1570093623.jpg,2019-10-03 04:07:03,2020-09-10 19:29:52
1570129383.jpg,2019-10-03 14:03:03,2020-09-11 05:25:50
1570087681.jpg,2019-10-03 02:28:01,2020-09-10 17:50:47
1570138503.jpg,2019-10-03 16:35:03,2020-09-11 07:57:46
1570146963.jpg,2019-10-03 18:56:03,2020-09-11 10:18:48
1570087865.jpg,2019-10-03 02:31:05,2020-09-10 17:53:50
1570107903.jpg,2019-10-03 08:05:03,2020-09-10 23:27:51
1570093804.jpg,2019-10-03 04:10:04,2020-09-10 19:32:51
1570105443.jpg,2019-10-03 07:24:03,2020-09-10 22:46:53
1570115644.jpg,2019-10-03 10:14:04,2020-09-11 01:36:52
1570129803.jpg,2019-10-03 14:10:03,2020-09-11 05:32:48
1570109523.jpg,2019-10-03 08:32:03,2020-09-10 23:54:52
1570125963.jpg,2019-10-03 13:06:03,2020-09-11 04:28:53
1570110066.jpg,2019-10-03 08:41:06,2020-09-11 00:03:54
1570092065.jpg,2019-10-03 03:41:05,2020-09-10 19:03:54
1570083183.jpg,2019-10-03 01:13:03,2020-09-10 16:35:50
1570117084.jpg,2019-10-03 10:38:04,2020-09-11 02:00:52
1570119903.jpg,2019-10-03 11:25:03,2020-09-11 02:47:54
1570078443.jpg,2019-10-02 23:54:03,2020-09-10 15:16:48
1570093384.jpg,2019-10-03 04:03:04,2020-09-10 19:25:53
1570095905.jpg,2019-10-03 04:45:05,2020-09-10 20:07:53
1570132204.jpg,2019-10-03 14:50:04,2020-09-11 06:12:52
1570109284.jpg,2019-10-03 08:28:04,2020-09-10 23:50:54
1570134663.jpg,2019-10-03 15:31:03,2020-09-11 06:53:48
1570123323.jpg,2019-10-03 12:22:03,2020-09-11 03:44:54
1570148582.jpg,2019-10-03 19:23:02,2020-09-11 10:45:47
1570133642.jpg,2019-10-03 15:14:02,2020-09-11 06:36:46
1570085282.jpg,2019-10-03 01:48:02,2020-09-10 17:10:48
1570149663.jpg,2019-10-03 19:41:03,2020-09-11 11:03:48
1570087442.jpg,2019-10-03 02:24:02,2020-09-10 17:46:48
1570121285.jpg,2019-10-03 11:48:05,2020-09-11 03:10:55
1570150681.jpg,2019-10-03 19:58:01,2020-09-11 11:20:46
1570131243.jpg,2019-10-03 14:34:03,2020-09-11 05:56:48
1570135743.jpg,2019-10-03 15:49:03,2020-09-11 07:11:47
1570121044.jpg,2019-10-03 11:44:04,2020-09-11 03:06:54
1570150865.jpg,2019-10-03 20:01:05,2020-09-11 11:23:50
1570144623.jpg,2019-10-03 18:17:03,2020-09-11 09:39:47
1570112465.jpg,2019-10-03 09:21:05,2020-09-11 00:43:54
1570106404.jpg,2019-10-03 07:40:04,2020-09-10 23:02:52
1570078864.jpg,2019-10-03 00:01:04,2020-09-10 15:23:50
1570095244.jpg,2019-10-03 04:34:04,2020-09-10 19:56:53
1570085043.jpg,2019-10-03 01:44:03,2020-09-10 17:06:49
1570128666.jpg,2019-10-03 13:51:06,2020-09-11 05:13:54
1570125424.jpg,2019-10-03 12:57:04,2020-09-11 04:19:54
1570135623.jpg,2019-10-03 15:47:03,2020-09-11 07:09:47
1570135804.jpg,2019-10-03 15:50:04,2020-09-11 07:12:47
1570082102.jpg,2019-10-03 00:55:02,2020-09-10 16:17:48
1570100883.jpg,2019-10-03 06:08:03,2020-09-10 21:30:50
1570101545.jpg,2019-10-03 06:19:05,2020-09-10 21:41:54
1570083963.jpg,2019-10-03 01:26:03,2020-09-10 16:48:50
1570133044.jpg,2019-10-03 15:04:04,2020-09-11 06:26:49
1570136882.jpg,2019-10-03 16:08:02,2020-09-11 07:30:46
1570090923.jpg,2019-10-03 03:22:03,2020-09-10 18:44:49
1570101784.jpg,2019-10-03 06:23:04,2020-09-10 21:45:53
1570142642.jpg,2019-10-03 17:44:02,2020-09-11 09:06:46
1570102266.jpg,2019-10-03 06:31:06,2020-09-10 21:53:56
1570149065.jpg,2019-10-03 19:31:05,2020-09-11 10:53:49
1570139582.jpg,2019-10-03 16:53:02,2020-09-11 08:15:47
1570082466.jpg,2019-10-03 01:01:06,2020-09-10 16:23:52
1570125183.jpg,2019-10-03 12:53:03,2020-09-11 04:15:52
1570097043.jpg,2019-10-03 05:04:03,2020-09-10 20:26:51
1570098364.jpg,2019-10-03 05:26:04,2020-09-10 20:48:52
1570100464.jpg,2019-10-03 06:01:04,2020-09-10 21:23:52
1570110844.jpg,2019-10-03 08:54:04,2020-09-11 00:16:54
1570134064.jpg,2019-10-03 15:21:04,2020-09-11 06:43:48
1570099084.jpg,2019-10-03 05:38:04,2020-09-10 21:00:53
1570117865.jpg,2019-10-03 10:51:05,2020-09-11 02:13:54
1570079164.jpg,2019-10-03 00:06:04,2020-09-10 15:28:51
1570088823.jpg,2019-10-03 02:47:03,2020-09-10 18:09:49
1570127583.jpg,2019-10-03 13:33:03,2020-09-11 04:55:52
1570111025.jpg,2019-10-03 08:57:05,2020-09-11 00:19:53
1570116004.jpg,2019-10-03 10:20:04,2020-09-11 01:42:52
1570144024.jpg,2019-10-03 18:07:04,2020-09-11 09:29:48
1570144742.jpg,2019-10-03 18:19:02,2020-09-11 09:41:47
1570113183.jpg,2019-10-03 09:33:03,2020-09-11 00:55:52
1570087084.jpg,2019-10-03 02:18:04,2020-09-10 17:40:50
1570089903.jpg,2019-10-03 03:05:03,2020-09-10 18:27:49
1570143603.jpg,2019-10-03 18:00:03,2020-09-11 09:22:48
1570137182.jpg,2019-10-03 16:13:02,2020-09-11 07:35:47
1570089122.jpg,2019-10-03 02:52:02,2020-09-10 18:14:49
1570141982.jpg,2019-10-03 17:33:02,2020-09-11 08:55:47
1570099325.jpg,2019-10-03 05:42:05,2020-09-10 21:04:54
1570099443.jpg,2019-10-03 05:44:03,2020-09-10 21:06:54
1570109044.jpg,2019-10-03 08:24:04,2020-09-10 23:46:54
1570105865.jpg,2019-10-03 07:31:05,2020-09-10 22:53:53
1570141202.jpg,2019-10-03 17:20:02,2020-09-11 08:42:46
1570145702.jpg,2019-10-03 18:35:02,2020-09-11 09:57:47
1570114565.jpg,2019-10-03 09:56:05,2020-09-11 01:18:53
1570096566.jpg,2019-10-03 04:56:06,2020-09-10 20:18:55
1570104004.jpg,2019-10-03 07:00:04,2020-09-10 22:22:54
1570101183.jpg,2019-10-03 06:13:03,2020-09-10 21:35:50
1570088943.jpg,2019-10-03 02:49:03,2020-09-10 18:11:48
1570130404.jpg,2019-10-03 14:20:04,2020-09-11 05:42:50
